day,time,end_use_type,value
Constant,1900-01-01 00:00:00,Prozesskälte,1
Constant,1900-01-01 00:00:00,Prozesswärme u. mech. Antriebe,1
Constant,1900-01-01 00:00:00,Sonstige,1
Holiday,1900-01-01 00:00:00,Prozesskälte,1
Holiday,1900-01-01 00:00:00,Prozesswärme u. mech. Antriebe,1.08863
Holiday,1900-01-01 00:00:00,Sonstige,1.17727
Saturday,1900-01-01 00:00:00,Prozesskälte,1
Saturday,1900-01-01 00:00:00,Prozesswärme u. mech. Antriebe,1.08863
Saturday,1900-01-01 00:00:00,Sonstige,1.17727
Sunday,1900-01-01 00:00:00,Prozesskälte,1
Sunday,1900-01-01 00:00:00,Prozesswärme u. mech. Antriebe,0.961861
Sunday,1900-01-01 00:00:00,Sonstige,0.923722
Week_day,1900-01-01 00:00:00,Prozesskälte,1
Week_day,1900-01-01 00:00:00,Prozesswärme u. mech. Antriebe,0.890469
Week_day,1900-01-01 00:00:00,Sonstige,0.780938
Constant,1900-01-01 00:15:00,Prozesskälte,1
Constant,1900-01-01 00:15:00,Prozesswärme u. mech. Antriebe,1
Constant,1900-01-01 00:15:00,Sonstige,1
Holiday,1900-01-01 00:15:00,Prozesskälte,1
Holiday,1900-01-01 00:15:00,Prozesswärme u. mech. Antriebe,1.08863
Holiday,1900-01-01 00:15:00,Sonstige,1.17727
Saturday,1900-01-01 00:15:00,Prozesskälte,1
Saturday,1900-01-01 00:15:00,Prozesswärme u. mech. Antriebe,1.08863
Saturday,1900-01-01 00:15:00,Sonstige,1.17727
Sunday,1900-01-01 00:15:00,Prozesskälte,1
Sunday,1900-01-01 00:15:00,Prozesswärme u. mech. Antriebe,0.961861
Sunday,1900-01-01 00:15:00,Sonstige,0.923722
Week_day,1900-01-01 00:15:00,Prozesskälte,1
Week_day,1900-01-01 00:15:00,Prozesswärme u. mech. Antriebe,0.890469
Week_day,1900-01-01 00:15:00,Sonstige,0.780938
Constant,1900-01-01 00:30:00,Prozesskälte,1
Constant,1900-01-01 00:30:00,Prozesswärme u. mech. Antriebe,1
Constant,1900-01-01 00:30:00,Sonstige,1
Holiday,1900-01-01 00:30:00,Prozesskälte,1
Holiday,1900-01-01 00:30:00,Prozesswärme u. mech. Antriebe,1.08863
Holiday,1900-01-01 00:30:00,Sonstige,1.17727
Saturday,1900-01-01 00:30:00,Prozesskälte,1
Saturday,1900-01-01 00:30:00,Prozesswärme u. mech. Antriebe,1.08863
Saturday,1900-01-01 00:30:00,Sonstige,1.17727
Sunday,1900-01-01 00:30:00,Prozesskälte,1
Sunday,1900-01-01 00:30:00,Prozesswärme u. mech. Antriebe,0.961861
Sunday,1900-01-01 00:30:00,Sonstige,0.923722
Week_day,1900-01-01 00:30:00,Prozesskälte,1
Week_day,1900-01-01 00:30:00,Prozesswärme u. mech. Antriebe,0.890469
Week_day,1900-01-01 00:30:00,Sonstige,0.780938
Constant,1900-01-01 00:45:00,Prozesskälte,1
Constant,1900-01-01 00:45:00,Prozesswärme u. mech. Antriebe,1
Constant,1900-01-01 00:45:00,Sonstige,1
Holiday,1900-01-01 00:45:00,Prozesskälte,1
Holiday,1900-01-01 00:45:00,Prozesswärme u. mech. Antriebe,1.08863
Holiday,1900-01-01 00:45:00,Sonstige,1.17727
Saturday,1900-01-01 00:45:00,Prozesskälte,1
Saturday,1900-01-01 00:45:00,Prozesswärme u. mech. Antriebe,1.08863
Saturday,1900-01-01 00:45:00,Sonstige,1.17727
Sunday,1900-01-01 00:45:00,Prozesskälte,1
Sunday,1900-01-01 00:45:00,Prozesswärme u. mech. Antriebe,0.961861
Sunday,1900-01-01 00:45:00,Sonstige,0.923722
Week_day,1900-01-01 00:45:00,Prozesskälte,1
Week_day,1900-01-01 00:45:00,Prozesswärme u. mech. Antriebe,0.890469
Week_day,1900-01-01 00:45:00,Sonstige,0.780938
Constant,1900-01-01 01:00:00,Prozesskälte,1
Constant,1900-01-01 01:00:00,Prozesswärme u. mech. Antriebe,1
Constant,1900-01-01 01:00:00,Sonstige,1
Holiday,1900-01-01 01:00:00,Prozesskälte,1
Holiday,1900-01-01 01:00:00,Prozesswärme u. mech. Antriebe,1.08863
Holiday,1900-01-01 01:00:00,Sonstige,1.17727
Saturday,1900-01-01 01:00:00,Prozesskälte,1
Saturday,1900-01-01 01:00:00,Prozesswärme u. mech. Antriebe,1.08863
Saturday,1900-01-01 01:00:00,Sonstige,1.17727
Sunday,1900-01-01 01:00:00,Prozesskälte,1
Sunday,1900-01-01 01:00:00,Prozesswärme u. mech. Antriebe,0.961861
Sunday,1900-01-01 01:00:00,Sonstige,0.923722
Week_day,1900-01-01 01:00:00,Prozesskälte,1
Week_day,1900-01-01 01:00:00,Prozesswärme u. mech. Antriebe,0.890469
Week_day,1900-01-01 01:00:00,Sonstige,0.780938
Constant,1900-01-01 01:15:00,Prozesskälte,1
Constant,1900-01-01 01:15:00,Prozesswärme u. mech. Antriebe,1
Constant,1900-01-01 01:15:00,Sonstige,1
Holiday,1900-01-01 01:15:00,Prozesskälte,1
Holiday,1900-01-01 01:15:00,Prozesswärme u. mech. Antriebe,1.07576
Holiday,1900-01-01 01:15:00,Sonstige,1.15151
Saturday,1900-01-01 01:15:00,Prozesskälte,1
Saturday,1900-01-01 01:15:00,Prozesswärme u. mech. Antriebe,1.07576
Saturday,1900-01-01 01:15:00,Sonstige,1.15151
Sunday,1900-01-01 01:15:00,Prozesskälte,1
Sunday,1900-01-01 01:15:00,Prozesswärme u. mech. Antriebe,0.961861
Sunday,1900-01-01 01:15:00,Sonstige,0.923722
Week_day,1900-01-01 01:15:00,Prozesskälte,1
Week_day,1900-01-01 01:15:00,Prozesswärme u. mech. Antriebe,0.893612
Week_day,1900-01-01 01:15:00,Sonstige,0.787223
Constant,1900-01-01 01:30:00,Prozesskälte,1
Constant,1900-01-01 01:30:00,Prozesswärme u. mech. Antriebe,1
Constant,1900-01-01 01:30:00,Sonstige,1
Holiday,1900-01-01 01:30:00,Prozesskälte,1
Holiday,1900-01-01 01:30:00,Prozesswärme u. mech. Antriebe,1.061
Holiday,1900-01-01 01:30:00,Sonstige,1.122
Saturday,1900-01-01 01:30:00,Prozesskälte,1
Saturday,1900-01-01 01:30:00,Prozesswärme u. mech. Antriebe,1.061
Saturday,1900-01-01 01:30:00,Sonstige,1.122
Sunday,1900-01-01 01:30:00,Prozesskälte,1
Sunday,1900-01-01 01:30:00,Prozesswärme u. mech. Antriebe,0.961861
Sunday,1900-01-01 01:30:00,Sonstige,0.923722
Week_day,1900-01-01 01:30:00,Prozesskälte,1
Week_day,1900-01-01 01:30:00,Prozesswärme u. mech. Antriebe,0.896734
Week_day,1900-01-01 01:30:00,Sonstige,0.793468
Constant,1900-01-01 01:45:00,Prozesskälte,1
Constant,1900-01-01 01:45:00,Prozesswärme u. mech. Antriebe,1
Constant,1900-01-01 01:45:00,Sonstige,1
Holiday,1900-01-01 01:45:00,Prozesskälte,1
Holiday,1900-01-01 01:45:00,Prozesswärme u. mech. Antriebe,1.04599
Holiday,1900-01-01 01:45:00,Sonstige,1.09199
Saturday,1900-01-01 01:45:00,Prozesskälte,1
Saturday,1900-01-01 01:45:00,Prozesswärme u. mech. Antriebe,1.04599
Saturday,1900-01-01 01:45:00,Sonstige,1.09199
Sunday,1900-01-01 01:45:00,Prozesskälte,1
Sunday,1900-01-01 01:45:00,Prozesswärme u. mech. Antriebe,0.961861
Sunday,1900-01-01 01:45:00,Sonstige,0.923722
Week_day,1900-01-01 01:45:00,Prozesskälte,1
Week_day,1900-01-01 01:45:00,Prozesswärme u. mech. Antriebe,0.899198
Week_day,1900-01-01 01:45:00,Sonstige,0.798397
Constant,1900-01-01 02:00:00,Prozesskälte,1
Constant,1900-01-01 02:00:00,Prozesswärme u. mech. Antriebe,1
Constant,1900-01-01 02:00:00,Sonstige,1
Holiday,1900-01-01 02:00:00,Prozesskälte,1
Holiday,1900-01-01 02:00:00,Prozesswärme u. mech. Antriebe,1.03238
Holiday,1900-01-01 02:00:00,Sonstige,1.06475
Saturday,1900-01-01 02:00:00,Prozesskälte,1
Saturday,1900-01-01 02:00:00,Prozesswärme u. mech. Antriebe,1.03238
Saturday,1900-01-01 02:00:00,Sonstige,1.06475
Sunday,1900-01-01 02:00:00,Prozesskälte,1
Sunday,1900-01-01 02:00:00,Prozesswärme u. mech. Antriebe,0.961861
Sunday,1900-01-01 02:00:00,Sonstige,0.923722
Week_day,1900-01-01 02:00:00,Prozesskälte,1
Week_day,1900-01-01 02:00:00,Prozesswärme u. mech. Antriebe,0.900366
Week_day,1900-01-01 02:00:00,Sonstige,0.800731
Constant,1900-01-01 02:15:00,Prozesskälte,1
Constant,1900-01-01 02:15:00,Prozesswärme u. mech. Antriebe,1
Constant,1900-01-01 02:15:00,Sonstige,1
Holiday,1900-01-01 02:15:00,Prozesskälte,1
Holiday,1900-01-01 02:15:00,Prozesswärme u. mech. Antriebe,1.02141
Holiday,1900-01-01 02:15:00,Sonstige,1.04283
Saturday,1900-01-01 02:15:00,Prozesskälte,1
Saturday,1900-01-01 02:15:00,Prozesswärme u. mech. Antriebe,1.02141
Saturday,1900-01-01 02:15:00,Sonstige,1.04283
Sunday,1900-01-01 02:15:00,Prozesskälte,1
Sunday,1900-01-01 02:15:00,Prozesswärme u. mech. Antriebe,0.961861
Sunday,1900-01-01 02:15:00,Sonstige,0.923722
Week_day,1900-01-01 02:15:00,Prozesskälte,1
Week_day,1900-01-01 02:15:00,Prozesswärme u. mech. Antriebe,0.89981
Week_day,1900-01-01 02:15:00,Sonstige,0.79962
Constant,1900-01-01 02:30:00,Prozesskälte,1
Constant,1900-01-01 02:30:00,Prozesswärme u. mech. Antriebe,1
Constant,1900-01-01 02:30:00,Sonstige,1
Holiday,1900-01-01 02:30:00,Prozesskälte,1
Holiday,1900-01-01 02:30:00,Prozesswärme u. mech. Antriebe,1.01292
Holiday,1900-01-01 02:30:00,Sonstige,1.02585
Saturday,1900-01-01 02:30:00,Prozesskälte,1
Saturday,1900-01-01 02:30:00,Prozesswärme u. mech. Antriebe,1.01292
Saturday,1900-01-01 02:30:00,Sonstige,1.02585
Sunday,1900-01-01 02:30:00,Prozesskälte,1
Sunday,1900-01-01 02:30:00,Prozesswärme u. mech. Antriebe,0.961861
Sunday,1900-01-01 02:30:00,Sonstige,0.923722
Week_day,1900-01-01 02:30:00,Prozesskälte,1
Week_day,1900-01-01 02:30:00,Prozesswärme u. mech. Antriebe,0.897955
Week_day,1900-01-01 02:30:00,Sonstige,0.79591
Constant,1900-01-01 02:45:00,Prozesskälte,1
Constant,1900-01-01 02:45:00,Prozesswärme u. mech. Antriebe,1
Constant,1900-01-01 02:45:00,Sonstige,1
Holiday,1900-01-01 02:45:00,Prozesskälte,1
Holiday,1900-01-01 02:45:00,Prozesswärme u. mech. Antriebe,1.00635
Holiday,1900-01-01 02:45:00,Sonstige,1.0127
Saturday,1900-01-01 02:45:00,Prozesskälte,1
Saturday,1900-01-01 02:45:00,Prozesswärme u. mech. Antriebe,1.00635
Saturday,1900-01-01 02:45:00,Sonstige,1.0127
Sunday,1900-01-01 02:45:00,Prozesskälte,1
Sunday,1900-01-01 02:45:00,Prozesswärme u. mech. Antriebe,0.961861
Sunday,1900-01-01 02:45:00,Sonstige,0.923722
Week_day,1900-01-01 02:45:00,Prozesskälte,1
Week_day,1900-01-01 02:45:00,Prozesswärme u. mech. Antriebe,0.895436
Week_day,1900-01-01 02:45:00,Sonstige,0.790872
Constant,1900-01-01 03:00:00,Prozesskälte,1
Constant,1900-01-01 03:00:00,Prozesswärme u. mech. Antriebe,1
Constant,1900-01-01 03:00:00,Sonstige,1
Holiday,1900-01-01 03:00:00,Prozesskälte,1
Holiday,1900-01-01 03:00:00,Prozesswärme u. mech. Antriebe,1.00114
Holiday,1900-01-01 03:00:00,Sonstige,1.00228
Saturday,1900-01-01 03:00:00,Prozesskälte,1
Saturday,1900-01-01 03:00:00,Prozesswärme u. mech. Antriebe,1.00114
Saturday,1900-01-01 03:00:00,Sonstige,1.00228
Sunday,1900-01-01 03:00:00,Prozesskälte,1
Sunday,1900-01-01 03:00:00,Prozesswärme u. mech. Antriebe,0.961861
Sunday,1900-01-01 03:00:00,Sonstige,0.923722
Week_day,1900-01-01 03:00:00,Prozesskälte,1
Week_day,1900-01-01 03:00:00,Prozesswärme u. mech. Antriebe,0.892888
Week_day,1900-01-01 03:00:00,Sonstige,0.785777
Constant,1900-01-01 03:15:00,Prozesskälte,1
Constant,1900-01-01 03:15:00,Prozesswärme u. mech. Antriebe,1
Constant,1900-01-01 03:15:00,Sonstige,1
Holiday,1900-01-01 03:15:00,Prozesskälte,1
Holiday,1900-01-01 03:15:00,Prozesswärme u. mech. Antriebe,0.996838
Holiday,1900-01-01 03:15:00,Sonstige,0.993676
Saturday,1900-01-01 03:15:00,Prozesskälte,1
Saturday,1900-01-01 03:15:00,Prozesswärme u. mech. Antriebe,0.996838
Saturday,1900-01-01 03:15:00,Sonstige,0.993676
Sunday,1900-01-01 03:15:00,Prozesskälte,1
Sunday,1900-01-01 03:15:00,Prozesswärme u. mech. Antriebe,0.961861
Sunday,1900-01-01 03:15:00,Sonstige,0.923722
Week_day,1900-01-01 03:15:00,Prozesskälte,1
Week_day,1900-01-01 03:15:00,Prozesswärme u. mech. Antriebe,0.890879
Week_day,1900-01-01 03:15:00,Sonstige,0.781757
Constant,1900-01-01 03:30:00,Prozesskälte,1
Constant,1900-01-01 03:30:00,Prozesswärme u. mech. Antriebe,1
Constant,1900-01-01 03:30:00,Sonstige,1
Holiday,1900-01-01 03:30:00,Prozesskälte,1
Holiday,1900-01-01 03:30:00,Prozesswärme u. mech. Antriebe,0.993357
Holiday,1900-01-01 03:30:00,Sonstige,0.986714
Saturday,1900-01-01 03:30:00,Prozesskälte,1
Saturday,1900-01-01 03:30:00,Prozesswärme u. mech. Antriebe,0.993357
Saturday,1900-01-01 03:30:00,Sonstige,0.986714
Sunday,1900-01-01 03:30:00,Prozesskälte,1
Sunday,1900-01-01 03:30:00,Prozesswärme u. mech. Antriebe,0.961861
Sunday,1900-01-01 03:30:00,Sonstige,0.923722
Week_day,1900-01-01 03:30:00,Prozesskälte,1
Week_day,1900-01-01 03:30:00,Prozesswärme u. mech. Antriebe,0.889696
Week_day,1900-01-01 03:30:00,Sonstige,0.779392
Constant,1900-01-01 03:45:00,Prozesskälte,1
Constant,1900-01-01 03:45:00,Prozesswärme u. mech. Antriebe,1
Constant,1900-01-01 03:45:00,Sonstige,1
Holiday,1900-01-01 03:45:00,Prozesskälte,1
Holiday,1900-01-01 03:45:00,Prozesswärme u. mech. Antriebe,0.990709
Holiday,1900-01-01 03:45:00,Sonstige,0.981418
Saturday,1900-01-01 03:45:00,Prozesskälte,1
Saturday,1900-01-01 03:45:00,Prozesswärme u. mech. Antriebe,0.990709
Saturday,1900-01-01 03:45:00,Sonstige,0.981418
Sunday,1900-01-01 03:45:00,Prozesskälte,1
Sunday,1900-01-01 03:45:00,Prozesswärme u. mech. Antriebe,0.961861
Sunday,1900-01-01 03:45:00,Sonstige,0.923722
Week_day,1900-01-01 03:45:00,Prozesskälte,1
Week_day,1900-01-01 03:45:00,Prozesswärme u. mech. Antriebe,0.88956
Week_day,1900-01-01 03:45:00,Sonstige,0.779119
Constant,1900-01-01 04:00:00,Prozesskälte,1
Constant,1900-01-01 04:00:00,Prozesswärme u. mech. Antriebe,1
Constant,1900-01-01 04:00:00,Sonstige,1
Holiday,1900-01-01 04:00:00,Prozesskälte,1
Holiday,1900-01-01 04:00:00,Prozesswärme u. mech. Antriebe,0.988903
Holiday,1900-01-01 04:00:00,Sonstige,0.977806
Saturday,1900-01-01 04:00:00,Prozesskälte,1
Saturday,1900-01-01 04:00:00,Prozesswärme u. mech. Antriebe,0.988903
Saturday,1900-01-01 04:00:00,Sonstige,0.977806
Sunday,1900-01-01 04:00:00,Prozesskälte,1
Sunday,1900-01-01 04:00:00,Prozesswärme u. mech. Antriebe,0.961861
Sunday,1900-01-01 04:00:00,Sonstige,0.923722
Week_day,1900-01-01 04:00:00,Prozesskälte,1
Week_day,1900-01-01 04:00:00,Prozesswärme u. mech. Antriebe,0.890689
Week_day,1900-01-01 04:00:00,Sonstige,0.781378
Constant,1900-01-01 04:15:00,Prozesskälte,1
Constant,1900-01-01 04:15:00,Prozesswärme u. mech. Antriebe,1
Constant,1900-01-01 04:15:00,Sonstige,1
Holiday,1900-01-01 04:15:00,Prozesskälte,1
Holiday,1900-01-01 04:15:00,Prozesswärme u. mech. Antriebe,0.987922
Holiday,1900-01-01 04:15:00,Sonstige,0.975844
Saturday,1900-01-01 04:15:00,Prozesskälte,1
Saturday,1900-01-01 04:15:00,Prozesswärme u. mech. Antriebe,0.987922
Saturday,1900-01-01 04:15:00,Sonstige,0.975844
Sunday,1900-01-01 04:15:00,Prozesskälte,1
Sunday,1900-01-01 04:15:00,Prozesswärme u. mech. Antriebe,0.961861
Sunday,1900-01-01 04:15:00,Sonstige,0.923722
Week_day,1900-01-01 04:15:00,Prozesskälte,1
Week_day,1900-01-01 04:15:00,Prozesswärme u. mech. Antriebe,0.893285
Week_day,1900-01-01 04:15:00,Sonstige,0.78657
Constant,1900-01-01 04:30:00,Prozesskälte,1
Constant,1900-01-01 04:30:00,Prozesswärme u. mech. Antriebe,1
Constant,1900-01-01 04:30:00,Sonstige,1
Holiday,1900-01-01 04:30:00,Prozesskälte,1
Holiday,1900-01-01 04:30:00,Prozesswärme u. mech. Antriebe,0.987637
Holiday,1900-01-01 04:30:00,Sonstige,0.975275
Saturday,1900-01-01 04:30:00,Prozesskälte,1
Saturday,1900-01-01 04:30:00,Prozesswärme u. mech. Antriebe,0.987637
Saturday,1900-01-01 04:30:00,Sonstige,0.975275
Sunday,1900-01-01 04:30:00,Prozesskälte,1
Sunday,1900-01-01 04:30:00,Prozesswärme u. mech. Antriebe,0.961861
Sunday,1900-01-01 04:30:00,Sonstige,0.923722
Week_day,1900-01-01 04:30:00,Prozesskälte,1
Week_day,1900-01-01 04:30:00,Prozesswärme u. mech. Antriebe,0.897471
Week_day,1900-01-01 04:30:00,Sonstige,0.794942
Constant,1900-01-01 04:45:00,Prozesskälte,1
Constant,1900-01-01 04:45:00,Prozesswärme u. mech. Antriebe,1
Constant,1900-01-01 04:45:00,Sonstige,1
Holiday,1900-01-01 04:45:00,Prozesskälte,1
Holiday,1900-01-01 04:45:00,Prozesswärme u. mech. Antriebe,0.987895
Holiday,1900-01-01 04:45:00,Sonstige,0.975789
Saturday,1900-01-01 04:45:00,Prozesskälte,1
Saturday,1900-01-01 04:45:00,Prozesswärme u. mech. Antriebe,0.987895
Saturday,1900-01-01 04:45:00,Sonstige,0.975789
Sunday,1900-01-01 04:45:00,Prozesskälte,1
Sunday,1900-01-01 04:45:00,Prozesswärme u. mech. Antriebe,0.961861
Sunday,1900-01-01 04:45:00,Sonstige,0.923722
Week_day,1900-01-01 04:45:00,Prozesskälte,1
Week_day,1900-01-01 04:45:00,Prozesswärme u. mech. Antriebe,0.903352
Week_day,1900-01-01 04:45:00,Sonstige,0.806703
Constant,1900-01-01 05:00:00,Prozesskälte,1
Constant,1900-01-01 05:00:00,Prozesswärme u. mech. Antriebe,1
Constant,1900-01-01 05:00:00,Sonstige,1
Holiday,1900-01-01 05:00:00,Prozesskälte,1
Holiday,1900-01-01 05:00:00,Prozesswärme u. mech. Antriebe,0.988538
Holiday,1900-01-01 05:00:00,Sonstige,0.977075
Saturday,1900-01-01 05:00:00,Prozesskälte,1
Saturday,1900-01-01 05:00:00,Prozesswärme u. mech. Antriebe,0.988538
Saturday,1900-01-01 05:00:00,Sonstige,0.977075
Sunday,1900-01-01 05:00:00,Prozesskälte,1
Sunday,1900-01-01 05:00:00,Prozesswärme u. mech. Antriebe,0.961861
Sunday,1900-01-01 05:00:00,Sonstige,0.923722
Week_day,1900-01-01 05:00:00,Prozesskälte,1
Week_day,1900-01-01 05:00:00,Prozesswärme u. mech. Antriebe,0.911032
Week_day,1900-01-01 05:00:00,Sonstige,0.822064
Constant,1900-01-01 05:15:00,Prozesskälte,1
Constant,1900-01-01 05:15:00,Prozesswärme u. mech. Antriebe,1
Constant,1900-01-01 05:15:00,Sonstige,1
Holiday,1900-01-01 05:15:00,Prozesskälte,1
Holiday,1900-01-01 05:15:00,Prozesswärme u. mech. Antriebe,0.989425
Holiday,1900-01-01 05:15:00,Sonstige,0.97885
Saturday,1900-01-01 05:15:00,Prozesskälte,1
Saturday,1900-01-01 05:15:00,Prozesswärme u. mech. Antriebe,0.989425
Saturday,1900-01-01 05:15:00,Sonstige,0.97885
Sunday,1900-01-01 05:15:00,Prozesskälte,1
Sunday,1900-01-01 05:15:00,Prozesswärme u. mech. Antriebe,0.961861
Sunday,1900-01-01 05:15:00,Sonstige,0.923722
Week_day,1900-01-01 05:15:00,Prozesskälte,1
Week_day,1900-01-01 05:15:00,Prozesswärme u. mech. Antriebe,0.920561
Week_day,1900-01-01 05:15:00,Sonstige,0.841123
Constant,1900-01-01 05:30:00,Prozesskälte,1
Constant,1900-01-01 05:30:00,Prozesswärme u. mech. Antriebe,1
Constant,1900-01-01 05:30:00,Sonstige,1
Holiday,1900-01-01 05:30:00,Prozesskälte,1
Holiday,1900-01-01 05:30:00,Prozesswärme u. mech. Antriebe,0.990469
Holiday,1900-01-01 05:30:00,Sonstige,0.980939
Saturday,1900-01-01 05:30:00,Prozesskälte,1
Saturday,1900-01-01 05:30:00,Prozesswärme u. mech. Antriebe,0.990469
Saturday,1900-01-01 05:30:00,Sonstige,0.980939
Sunday,1900-01-01 05:30:00,Prozesskälte,1
Sunday,1900-01-01 05:30:00,Prozesswärme u. mech. Antriebe,0.961861
Sunday,1900-01-01 05:30:00,Sonstige,0.923722
Week_day,1900-01-01 05:30:00,Prozesskälte,1
Week_day,1900-01-01 05:30:00,Prozesswärme u. mech. Antriebe,0.931769
Week_day,1900-01-01 05:30:00,Sonstige,0.863538
Constant,1900-01-01 05:45:00,Prozesskälte,1
Constant,1900-01-01 05:45:00,Prozesswärme u. mech. Antriebe,1
Constant,1900-01-01 05:45:00,Sonstige,1
Holiday,1900-01-01 05:45:00,Prozesskälte,1
Holiday,1900-01-01 05:45:00,Prozesswärme u. mech. Antriebe,0.991598
Holiday,1900-01-01 05:45:00,Sonstige,0.983197
Saturday,1900-01-01 05:45:00,Prozesskälte,1
Saturday,1900-01-01 05:45:00,Prozesswärme u. mech. Antriebe,0.991598
Saturday,1900-01-01 05:45:00,Sonstige,0.983197
Sunday,1900-01-01 05:45:00,Prozesskälte,1
Sunday,1900-01-01 05:45:00,Prozesswärme u. mech. Antriebe,0.961861
Sunday,1900-01-01 05:45:00,Sonstige,0.923722
Week_day,1900-01-01 05:45:00,Prozesskälte,1
Week_day,1900-01-01 05:45:00,Prozesswärme u. mech. Antriebe,0.944429
Week_day,1900-01-01 05:45:00,Sonstige,0.888858
Constant,1900-01-01 06:00:00,Prozesskälte,1
Constant,1900-01-01 06:00:00,Prozesswärme u. mech. Antriebe,1
Constant,1900-01-01 06:00:00,Sonstige,1
Holiday,1900-01-01 06:00:00,Prozesskälte,1
Holiday,1900-01-01 06:00:00,Prozesswärme u. mech. Antriebe,0.992739
Holiday,1900-01-01 06:00:00,Sonstige,0.985477
Saturday,1900-01-01 06:00:00,Prozesskälte,1
Saturday,1900-01-01 06:00:00,Prozesswärme u. mech. Antriebe,0.992739
Saturday,1900-01-01 06:00:00,Sonstige,0.985477
Sunday,1900-01-01 06:00:00,Prozesskälte,1
Sunday,1900-01-01 06:00:00,Prozesswärme u. mech. Antriebe,0.961861
Sunday,1900-01-01 06:00:00,Sonstige,0.923722
Week_day,1900-01-01 06:00:00,Prozesskälte,1
Week_day,1900-01-01 06:00:00,Prozesswärme u. mech. Antriebe,0.958315
Week_day,1900-01-01 06:00:00,Sonstige,0.916631
Constant,1900-01-01 06:15:00,Prozesskälte,1
Constant,1900-01-01 06:15:00,Prozesswärme u. mech. Antriebe,1
Constant,1900-01-01 06:15:00,Sonstige,1
Holiday,1900-01-01 06:15:00,Prozesskälte,1
Holiday,1900-01-01 06:15:00,Prozesswärme u. mech. Antriebe,0.993827
Holiday,1900-01-01 06:15:00,Sonstige,0.987655
Saturday,1900-01-01 06:15:00,Prozesskälte,1
Saturday,1900-01-01 06:15:00,Prozesswärme u. mech. Antriebe,0.993827
Saturday,1900-01-01 06:15:00,Sonstige,0.987655
Sunday,1900-01-01 06:15:00,Prozesskälte,1
Sunday,1900-01-01 06:15:00,Prozesswärme u. mech. Antriebe,0.961861
Sunday,1900-01-01 06:15:00,Sonstige,0.923722
Week_day,1900-01-01 06:15:00,Prozesskälte,1
Week_day,1900-01-01 06:15:00,Prozesswärme u. mech. Antriebe,0.973164
Week_day,1900-01-01 06:15:00,Sonstige,0.946328
Constant,1900-01-01 06:30:00,Prozesskälte,1
Constant,1900-01-01 06:30:00,Prozesswärme u. mech. Antriebe,1
Constant,1900-01-01 06:30:00,Sonstige,1
Holiday,1900-01-01 06:30:00,Prozesskälte,1
Holiday,1900-01-01 06:30:00,Prozesswärme u. mech. Antriebe,0.994839
Holiday,1900-01-01 06:30:00,Sonstige,0.989679
Saturday,1900-01-01 06:30:00,Prozesskälte,1
Saturday,1900-01-01 06:30:00,Prozesswärme u. mech. Antriebe,0.994839
Saturday,1900-01-01 06:30:00,Sonstige,0.989679
Sunday,1900-01-01 06:30:00,Prozesskälte,1
Sunday,1900-01-01 06:30:00,Prozesswärme u. mech. Antriebe,0.961861
Sunday,1900-01-01 06:30:00,Sonstige,0.923722
Week_day,1900-01-01 06:30:00,Prozesskälte,1
Week_day,1900-01-01 06:30:00,Prozesswärme u. mech. Antriebe,0.988554
Week_day,1900-01-01 06:30:00,Sonstige,0.977108
Constant,1900-01-01 06:45:00,Prozesskälte,1
Constant,1900-01-01 06:45:00,Prozesswärme u. mech. Antriebe,1
Constant,1900-01-01 06:45:00,Sonstige,1
Holiday,1900-01-01 06:45:00,Prozesskälte,1
Holiday,1900-01-01 06:45:00,Prozesswärme u. mech. Antriebe,0.99576
Holiday,1900-01-01 06:45:00,Sonstige,0.99152
Saturday,1900-01-01 06:45:00,Prozesskälte,1
Saturday,1900-01-01 06:45:00,Prozesswärme u. mech. Antriebe,0.99576
Saturday,1900-01-01 06:45:00,Sonstige,0.99152
Sunday,1900-01-01 06:45:00,Prozesskälte,1
Sunday,1900-01-01 06:45:00,Prozesswärme u. mech. Antriebe,0.961861
Sunday,1900-01-01 06:45:00,Sonstige,0.923722
Week_day,1900-01-01 06:45:00,Prozesskälte,1
Week_day,1900-01-01 06:45:00,Prozesswärme u. mech. Antriebe,1.00403
Week_day,1900-01-01 06:45:00,Sonstige,1.00805
Constant,1900-01-01 07:00:00,Prozesskälte,1
Constant,1900-01-01 07:00:00,Prozesswärme u. mech. Antriebe,1
Constant,1900-01-01 07:00:00,Sonstige,1
Holiday,1900-01-01 07:00:00,Prozesskälte,1
Holiday,1900-01-01 07:00:00,Prozesswärme u. mech. Antriebe,0.996575
Holiday,1900-01-01 07:00:00,Sonstige,0.993149
Saturday,1900-01-01 07:00:00,Prozesskälte,1
Saturday,1900-01-01 07:00:00,Prozesswärme u. mech. Antriebe,0.996575
Saturday,1900-01-01 07:00:00,Sonstige,0.993149
Sunday,1900-01-01 07:00:00,Prozesskälte,1
Sunday,1900-01-01 07:00:00,Prozesswärme u. mech. Antriebe,0.961861
Sunday,1900-01-01 07:00:00,Sonstige,0.923722
Week_day,1900-01-01 07:00:00,Prozesskälte,1
Week_day,1900-01-01 07:00:00,Prozesswärme u. mech. Antriebe,1.01912
Week_day,1900-01-01 07:00:00,Sonstige,1.03825
Constant,1900-01-01 07:15:00,Prozesskälte,1
Constant,1900-01-01 07:15:00,Prozesswärme u. mech. Antriebe,1
Constant,1900-01-01 07:15:00,Sonstige,1
Holiday,1900-01-01 07:15:00,Prozesskälte,1
Holiday,1900-01-01 07:15:00,Prozesswärme u. mech. Antriebe,0.997275
Holiday,1900-01-01 07:15:00,Sonstige,0.994551
Saturday,1900-01-01 07:15:00,Prozesskälte,1
Saturday,1900-01-01 07:15:00,Prozesswärme u. mech. Antriebe,0.997275
Saturday,1900-01-01 07:15:00,Sonstige,0.994551
Sunday,1900-01-01 07:15:00,Prozesskälte,1
Sunday,1900-01-01 07:15:00,Prozesswärme u. mech. Antriebe,0.961861
Sunday,1900-01-01 07:15:00,Sonstige,0.923722
Week_day,1900-01-01 07:15:00,Prozesskälte,1
Week_day,1900-01-01 07:15:00,Prozesswärme u. mech. Antriebe,1.03342
Week_day,1900-01-01 07:15:00,Sonstige,1.06684
Constant,1900-01-01 07:30:00,Prozesskälte,1
Constant,1900-01-01 07:30:00,Prozesswärme u. mech. Antriebe,1
Constant,1900-01-01 07:30:00,Sonstige,1
Holiday,1900-01-01 07:30:00,Prozesskälte,1
Holiday,1900-01-01 07:30:00,Prozesswärme u. mech. Antriebe,0.997885
Holiday,1900-01-01 07:30:00,Sonstige,0.995769
Saturday,1900-01-01 07:30:00,Prozesskälte,1
Saturday,1900-01-01 07:30:00,Prozesswärme u. mech. Antriebe,0.997885
Saturday,1900-01-01 07:30:00,Sonstige,0.995769
Sunday,1900-01-01 07:30:00,Prozesskälte,1
Sunday,1900-01-01 07:30:00,Prozesswärme u. mech. Antriebe,0.961861
Sunday,1900-01-01 07:30:00,Sonstige,0.923722
Week_day,1900-01-01 07:30:00,Prozesskälte,1
Week_day,1900-01-01 07:30:00,Prozesswärme u. mech. Antriebe,1.04662
Week_day,1900-01-01 07:30:00,Sonstige,1.09325
Constant,1900-01-01 07:45:00,Prozesskälte,1
Constant,1900-01-01 07:45:00,Prozesswärme u. mech. Antriebe,1
Constant,1900-01-01 07:45:00,Sonstige,1
Holiday,1900-01-01 07:45:00,Prozesskälte,1
Holiday,1900-01-01 07:45:00,Prozesswärme u. mech. Antriebe,0.998433
Holiday,1900-01-01 07:45:00,Sonstige,0.996865
Saturday,1900-01-01 07:45:00,Prozesskälte,1
Saturday,1900-01-01 07:45:00,Prozesswärme u. mech. Antriebe,0.998433
Saturday,1900-01-01 07:45:00,Sonstige,0.996865
Sunday,1900-01-01 07:45:00,Prozesskälte,1
Sunday,1900-01-01 07:45:00,Prozesswärme u. mech. Antriebe,0.961861
Sunday,1900-01-01 07:45:00,Sonstige,0.923722
Week_day,1900-01-01 07:45:00,Prozesskälte,1
Week_day,1900-01-01 07:45:00,Prozesswärme u. mech. Antriebe,1.05847
Week_day,1900-01-01 07:45:00,Sonstige,1.11695
Constant,1900-01-01 08:00:00,Prozesskälte,1
Constant,1900-01-01 08:00:00,Prozesswärme u. mech. Antriebe,1
Constant,1900-01-01 08:00:00,Sonstige,1
Holiday,1900-01-01 08:00:00,Prozesskälte,1
Holiday,1900-01-01 08:00:00,Prozesswärme u. mech. Antriebe,0.998949
Holiday,1900-01-01 08:00:00,Sonstige,0.997898
Saturday,1900-01-01 08:00:00,Prozesskälte,1
Saturday,1900-01-01 08:00:00,Prozesswärme u. mech. Antriebe,0.998949
Saturday,1900-01-01 08:00:00,Sonstige,0.997898
Sunday,1900-01-01 08:00:00,Prozesskälte,1
Sunday,1900-01-01 08:00:00,Prozesswärme u. mech. Antriebe,0.961861
Sunday,1900-01-01 08:00:00,Sonstige,0.923722
Week_day,1900-01-01 08:00:00,Prozesskälte,1
Week_day,1900-01-01 08:00:00,Prozesswärme u. mech. Antriebe,1.06872
Week_day,1900-01-01 08:00:00,Sonstige,1.13743
Constant,1900-01-01 08:15:00,Prozesskälte,1
Constant,1900-01-01 08:15:00,Prozesswärme u. mech. Antriebe,1
Constant,1900-01-01 08:15:00,Sonstige,1
Holiday,1900-01-01 08:15:00,Prozesskälte,1
Holiday,1900-01-01 08:15:00,Prozesswärme u. mech. Antriebe,0.999458
Holiday,1900-01-01 08:15:00,Sonstige,0.998917
Saturday,1900-01-01 08:15:00,Prozesskälte,1
Saturday,1900-01-01 08:15:00,Prozesswärme u. mech. Antriebe,0.999458
Saturday,1900-01-01 08:15:00,Sonstige,0.998917
Sunday,1900-01-01 08:15:00,Prozesskälte,1
Sunday,1900-01-01 08:15:00,Prozesswärme u. mech. Antriebe,0.961861
Sunday,1900-01-01 08:15:00,Sonstige,0.923722
Week_day,1900-01-01 08:15:00,Prozesskälte,1
Week_day,1900-01-01 08:15:00,Prozesswärme u. mech. Antriebe,1.07715
Week_day,1900-01-01 08:15:00,Sonstige,1.15429
Constant,1900-01-01 08:30:00,Prozesskälte,1
Constant,1900-01-01 08:30:00,Prozesswärme u. mech. Antriebe,1
Constant,1900-01-01 08:30:00,Sonstige,1
Holiday,1900-01-01 08:30:00,Prozesskälte,1
Holiday,1900-01-01 08:30:00,Prozesswärme u. mech. Antriebe,0.999964
Holiday,1900-01-01 08:30:00,Sonstige,0.999928
Saturday,1900-01-01 08:30:00,Prozesskälte,1
Saturday,1900-01-01 08:30:00,Prozesswärme u. mech. Antriebe,0.999964
Saturday,1900-01-01 08:30:00,Sonstige,0.999928
Sunday,1900-01-01 08:30:00,Prozesskälte,1
Sunday,1900-01-01 08:30:00,Prozesswärme u. mech. Antriebe,0.961861
Sunday,1900-01-01 08:30:00,Sonstige,0.923722
Week_day,1900-01-01 08:30:00,Prozesskälte,1
Week_day,1900-01-01 08:30:00,Prozesswärme u. mech. Antriebe,1.08378
Week_day,1900-01-01 08:30:00,Sonstige,1.16756
Constant,1900-01-01 08:45:00,Prozesskälte,1
Constant,1900-01-01 08:45:00,Prozesswärme u. mech. Antriebe,1
Constant,1900-01-01 08:45:00,Sonstige,1
Holiday,1900-01-01 08:45:00,Prozesskälte,1
Holiday,1900-01-01 08:45:00,Prozesswärme u. mech. Antriebe,1.00046
Holiday,1900-01-01 08:45:00,Sonstige,1.00093
Saturday,1900-01-01 08:45:00,Prozesskälte,1
Saturday,1900-01-01 08:45:00,Prozesswärme u. mech. Antriebe,1.00046
Saturday,1900-01-01 08:45:00,Sonstige,1.00093
Sunday,1900-01-01 08:45:00,Prozesskälte,1
Sunday,1900-01-01 08:45:00,Prozesswärme u. mech. Antriebe,0.961861
Sunday,1900-01-01 08:45:00,Sonstige,0.923722
Week_day,1900-01-01 08:45:00,Prozesskälte,1
Week_day,1900-01-01 08:45:00,Prozesswärme u. mech. Antriebe,1.08868
Week_day,1900-01-01 08:45:00,Sonstige,1.17736
Constant,1900-01-01 09:00:00,Prozesskälte,1
Constant,1900-01-01 09:00:00,Prozesswärme u. mech. Antriebe,1
Constant,1900-01-01 09:00:00,Sonstige,1
Holiday,1900-01-01 09:00:00,Prozesskälte,1
Holiday,1900-01-01 09:00:00,Prozesswärme u. mech. Antriebe,1.00096
Holiday,1900-01-01 09:00:00,Sonstige,1.00192
Saturday,1900-01-01 09:00:00,Prozesskälte,1
Saturday,1900-01-01 09:00:00,Prozesswärme u. mech. Antriebe,1.00096
Saturday,1900-01-01 09:00:00,Sonstige,1.00192
Sunday,1900-01-01 09:00:00,Prozesskälte,1
Sunday,1900-01-01 09:00:00,Prozesswärme u. mech. Antriebe,0.961861
Sunday,1900-01-01 09:00:00,Sonstige,0.923722
Week_day,1900-01-01 09:00:00,Prozesskälte,1
Week_day,1900-01-01 09:00:00,Prozesswärme u. mech. Antriebe,1.09192
Week_day,1900-01-01 09:00:00,Sonstige,1.18384
Constant,1900-01-01 09:15:00,Prozesskälte,1
Constant,1900-01-01 09:15:00,Prozesswärme u. mech. Antriebe,1
Constant,1900-01-01 09:15:00,Sonstige,1
Holiday,1900-01-01 09:15:00,Prozesskälte,1
Holiday,1900-01-01 09:15:00,Prozesswärme u. mech. Antriebe,1.00144
Holiday,1900-01-01 09:15:00,Sonstige,1.00288
Saturday,1900-01-01 09:15:00,Prozesskälte,1
Saturday,1900-01-01 09:15:00,Prozesswärme u. mech. Antriebe,1.00144
Saturday,1900-01-01 09:15:00,Sonstige,1.00288
Sunday,1900-01-01 09:15:00,Prozesskälte,1
Sunday,1900-01-01 09:15:00,Prozesswärme u. mech. Antriebe,0.961861
Sunday,1900-01-01 09:15:00,Sonstige,0.923722
Week_day,1900-01-01 09:15:00,Prozesskälte,1
Week_day,1900-01-01 09:15:00,Prozesswärme u. mech. Antriebe,1.09363
Week_day,1900-01-01 09:15:00,Sonstige,1.18726
Constant,1900-01-01 09:30:00,Prozesskälte,1
Constant,1900-01-01 09:30:00,Prozesswärme u. mech. Antriebe,1
Constant,1900-01-01 09:30:00,Sonstige,1
Holiday,1900-01-01 09:30:00,Prozesskälte,1
Holiday,1900-01-01 09:30:00,Prozesswärme u. mech. Antriebe,1.00189
Holiday,1900-01-01 09:30:00,Sonstige,1.00378
Saturday,1900-01-01 09:30:00,Prozesskälte,1
Saturday,1900-01-01 09:30:00,Prozesswärme u. mech. Antriebe,1.00189
Saturday,1900-01-01 09:30:00,Sonstige,1.00378
Sunday,1900-01-01 09:30:00,Prozesskälte,1
Sunday,1900-01-01 09:30:00,Prozesswärme u. mech. Antriebe,0.961861
Sunday,1900-01-01 09:30:00,Sonstige,0.923722
Week_day,1900-01-01 09:30:00,Prozesskälte,1
Week_day,1900-01-01 09:30:00,Prozesswärme u. mech. Antriebe,1.09419
Week_day,1900-01-01 09:30:00,Sonstige,1.18839
Constant,1900-01-01 09:45:00,Prozesskälte,1
Constant,1900-01-01 09:45:00,Prozesswärme u. mech. Antriebe,1
Constant,1900-01-01 09:45:00,Sonstige,1
Holiday,1900-01-01 09:45:00,Prozesskälte,1
Holiday,1900-01-01 09:45:00,Prozesswärme u. mech. Antriebe,1.00228
Holiday,1900-01-01 09:45:00,Sonstige,1.00457
Saturday,1900-01-01 09:45:00,Prozesskälte,1
Saturday,1900-01-01 09:45:00,Prozesswärme u. mech. Antriebe,1.00228
Saturday,1900-01-01 09:45:00,Sonstige,1.00457
Sunday,1900-01-01 09:45:00,Prozesskälte,1
Sunday,1900-01-01 09:45:00,Prozesswärme u. mech. Antriebe,0.961861
Sunday,1900-01-01 09:45:00,Sonstige,0.923722
Week_day,1900-01-01 09:45:00,Prozesskälte,1
Week_day,1900-01-01 09:45:00,Prozesswärme u. mech. Antriebe,1.09406
Week_day,1900-01-01 09:45:00,Sonstige,1.18812
Constant,1900-01-01 10:00:00,Prozesskälte,1
Constant,1900-01-01 10:00:00,Prozesswärme u. mech. Antriebe,1
Constant,1900-01-01 10:00:00,Sonstige,1
Holiday,1900-01-01 10:00:00,Prozesskälte,1
Holiday,1900-01-01 10:00:00,Prozesswärme u. mech. Antriebe,1.0026
Holiday,1900-01-01 10:00:00,Sonstige,1.0052
Saturday,1900-01-01 10:00:00,Prozesskälte,1
Saturday,1900-01-01 10:00:00,Prozesswärme u. mech. Antriebe,1.0026
Saturday,1900-01-01 10:00:00,Sonstige,1.0052
Sunday,1900-01-01 10:00:00,Prozesskälte,1
Sunday,1900-01-01 10:00:00,Prozesswärme u. mech. Antriebe,0.961861
Sunday,1900-01-01 10:00:00,Sonstige,0.923722
Week_day,1900-01-01 10:00:00,Prozesskälte,1
Week_day,1900-01-01 10:00:00,Prozesswärme u. mech. Antriebe,1.09368
Week_day,1900-01-01 10:00:00,Sonstige,1.18736
Constant,1900-01-01 10:15:00,Prozesskälte,1
Constant,1900-01-01 10:15:00,Prozesswärme u. mech. Antriebe,1
Constant,1900-01-01 10:15:00,Sonstige,1
Holiday,1900-01-01 10:15:00,Prozesskälte,1
Holiday,1900-01-01 10:15:00,Prozesswärme u. mech. Antriebe,1.00282
Holiday,1900-01-01 10:15:00,Sonstige,1.00565
Saturday,1900-01-01 10:15:00,Prozesskälte,1
Saturday,1900-01-01 10:15:00,Prozesswärme u. mech. Antriebe,1.00282
Saturday,1900-01-01 10:15:00,Sonstige,1.00565
Sunday,1900-01-01 10:15:00,Prozesskälte,1
Sunday,1900-01-01 10:15:00,Prozesswärme u. mech. Antriebe,0.961861
Sunday,1900-01-01 10:15:00,Sonstige,0.923722
Week_day,1900-01-01 10:15:00,Prozesskälte,1
Week_day,1900-01-01 10:15:00,Prozesswärme u. mech. Antriebe,1.09343
Week_day,1900-01-01 10:15:00,Sonstige,1.18685
Constant,1900-01-01 10:30:00,Prozesskälte,1
Constant,1900-01-01 10:30:00,Prozesswärme u. mech. Antriebe,1
Constant,1900-01-01 10:30:00,Sonstige,1
Holiday,1900-01-01 10:30:00,Prozesskälte,1
Holiday,1900-01-01 10:30:00,Prozesswärme u. mech. Antriebe,1.00295
Holiday,1900-01-01 10:30:00,Sonstige,1.00591
Saturday,1900-01-01 10:30:00,Prozesskälte,1
Saturday,1900-01-01 10:30:00,Prozesswärme u. mech. Antriebe,1.00295
Saturday,1900-01-01 10:30:00,Sonstige,1.00591
Sunday,1900-01-01 10:30:00,Prozesskälte,1
Sunday,1900-01-01 10:30:00,Prozesswärme u. mech. Antriebe,0.961861
Sunday,1900-01-01 10:30:00,Sonstige,0.923722
Week_day,1900-01-01 10:30:00,Prozesskälte,1
Week_day,1900-01-01 10:30:00,Prozesswärme u. mech. Antriebe,1.0934
Week_day,1900-01-01 10:30:00,Sonstige,1.18679
Constant,1900-01-01 10:45:00,Prozesskälte,1
Constant,1900-01-01 10:45:00,Prozesswärme u. mech. Antriebe,1
Constant,1900-01-01 10:45:00,Sonstige,1
Holiday,1900-01-01 10:45:00,Prozesskälte,1
Holiday,1900-01-01 10:45:00,Prozesswärme u. mech. Antriebe,1.003
Holiday,1900-01-01 10:45:00,Sonstige,1.006
Saturday,1900-01-01 10:45:00,Prozesskälte,1
Saturday,1900-01-01 10:45:00,Prozesswärme u. mech. Antriebe,1.003
Saturday,1900-01-01 10:45:00,Sonstige,1.006
Sunday,1900-01-01 10:45:00,Prozesskälte,1
Sunday,1900-01-01 10:45:00,Prozesswärme u. mech. Antriebe,0.961861
Sunday,1900-01-01 10:45:00,Sonstige,0.923722
Week_day,1900-01-01 10:45:00,Prozesskälte,1
Week_day,1900-01-01 10:45:00,Prozesswärme u. mech. Antriebe,1.09362
Week_day,1900-01-01 10:45:00,Sonstige,1.18724
Constant,1900-01-01 11:00:00,Prozesskälte,1
Constant,1900-01-01 11:00:00,Prozesswärme u. mech. Antriebe,1
Constant,1900-01-01 11:00:00,Sonstige,1
Holiday,1900-01-01 11:00:00,Prozesskälte,1
Holiday,1900-01-01 11:00:00,Prozesswärme u. mech. Antriebe,1.00297
Holiday,1900-01-01 11:00:00,Sonstige,1.00593
Saturday,1900-01-01 11:00:00,Prozesskälte,1
Saturday,1900-01-01 11:00:00,Prozesswärme u. mech. Antriebe,1.00297
Saturday,1900-01-01 11:00:00,Sonstige,1.00593
Sunday,1900-01-01 11:00:00,Prozesskälte,1
Sunday,1900-01-01 11:00:00,Prozesswärme u. mech. Antriebe,0.961861
Sunday,1900-01-01 11:00:00,Sonstige,0.923722
Week_day,1900-01-01 11:00:00,Prozesskälte,1
Week_day,1900-01-01 11:00:00,Prozesswärme u. mech. Antriebe,1.09412
Week_day,1900-01-01 11:00:00,Sonstige,1.18824
Constant,1900-01-01 11:15:00,Prozesskälte,1
Constant,1900-01-01 11:15:00,Prozesswärme u. mech. Antriebe,1
Constant,1900-01-01 11:15:00,Sonstige,1
Holiday,1900-01-01 11:15:00,Prozesskälte,1
Holiday,1900-01-01 11:15:00,Prozesswärme u. mech. Antriebe,1.00286
Holiday,1900-01-01 11:15:00,Sonstige,1.00573
Saturday,1900-01-01 11:15:00,Prozesskälte,1
Saturday,1900-01-01 11:15:00,Prozesswärme u. mech. Antriebe,1.00286
Saturday,1900-01-01 11:15:00,Sonstige,1.00573
Sunday,1900-01-01 11:15:00,Prozesskälte,1
Sunday,1900-01-01 11:15:00,Prozesswärme u. mech. Antriebe,0.961861
Sunday,1900-01-01 11:15:00,Sonstige,0.923722
Week_day,1900-01-01 11:15:00,Prozesskälte,1
Week_day,1900-01-01 11:15:00,Prozesswärme u. mech. Antriebe,1.0949
Week_day,1900-01-01 11:15:00,Sonstige,1.18979
Constant,1900-01-01 11:30:00,Prozesskälte,1
Constant,1900-01-01 11:30:00,Prozesswärme u. mech. Antriebe,1
Constant,1900-01-01 11:30:00,Sonstige,1
Holiday,1900-01-01 11:30:00,Prozesskälte,1
Holiday,1900-01-01 11:30:00,Prozesswärme u. mech. Antriebe,1.00268
Holiday,1900-01-01 11:30:00,Sonstige,1.00536
Saturday,1900-01-01 11:30:00,Prozesskälte,1
Saturday,1900-01-01 11:30:00,Prozesswärme u. mech. Antriebe,1.00268
Saturday,1900-01-01 11:30:00,Sonstige,1.00536
Sunday,1900-01-01 11:30:00,Prozesskälte,1
Sunday,1900-01-01 11:30:00,Prozesswärme u. mech. Antriebe,0.961861
Sunday,1900-01-01 11:30:00,Sonstige,0.923722
Week_day,1900-01-01 11:30:00,Prozesskälte,1
Week_day,1900-01-01 11:30:00,Prozesswärme u. mech. Antriebe,1.09587
Week_day,1900-01-01 11:30:00,Sonstige,1.19174
Constant,1900-01-01 11:45:00,Prozesskälte,1
Constant,1900-01-01 11:45:00,Prozesswärme u. mech. Antriebe,1
Constant,1900-01-01 11:45:00,Sonstige,1
Holiday,1900-01-01 11:45:00,Prozesskälte,1
Holiday,1900-01-01 11:45:00,Prozesswärme u. mech. Antriebe,1.00241
Holiday,1900-01-01 11:45:00,Sonstige,1.00483
Saturday,1900-01-01 11:45:00,Prozesskälte,1
Saturday,1900-01-01 11:45:00,Prozesswärme u. mech. Antriebe,1.00241
Saturday,1900-01-01 11:45:00,Sonstige,1.00483
Sunday,1900-01-01 11:45:00,Prozesskälte,1
Sunday,1900-01-01 11:45:00,Prozesswärme u. mech. Antriebe,0.961861
Sunday,1900-01-01 11:45:00,Sonstige,0.923722
Week_day,1900-01-01 11:45:00,Prozesskälte,1
Week_day,1900-01-01 11:45:00,Prozesswärme u. mech. Antriebe,1.09693
Week_day,1900-01-01 11:45:00,Sonstige,1.19386
Constant,1900-01-01 12:00:00,Prozesskälte,1
Constant,1900-01-01 12:00:00,Prozesswärme u. mech. Antriebe,1
Constant,1900-01-01 12:00:00,Sonstige,1
Holiday,1900-01-01 12:00:00,Prozesskälte,1
Holiday,1900-01-01 12:00:00,Prozesswärme u. mech. Antriebe,1.00205
Holiday,1900-01-01 12:00:00,Sonstige,1.00411
Saturday,1900-01-01 12:00:00,Prozesskälte,1
Saturday,1900-01-01 12:00:00,Prozesswärme u. mech. Antriebe,1.00205
Saturday,1900-01-01 12:00:00,Sonstige,1.00411
Sunday,1900-01-01 12:00:00,Prozesskälte,1
Sunday,1900-01-01 12:00:00,Prozesswärme u. mech. Antriebe,0.961861
Sunday,1900-01-01 12:00:00,Sonstige,0.923722
Week_day,1900-01-01 12:00:00,Prozesskälte,1
Week_day,1900-01-01 12:00:00,Prozesswärme u. mech. Antriebe,1.09797
Week_day,1900-01-01 12:00:00,Sonstige,1.19593
Constant,1900-01-01 12:15:00,Prozesskälte,1
Constant,1900-01-01 12:15:00,Prozesswärme u. mech. Antriebe,1
Constant,1900-01-01 12:15:00,Sonstige,1
Holiday,1900-01-01 12:15:00,Prozesskälte,1
Holiday,1900-01-01 12:15:00,Prozesswärme u. mech. Antriebe,1.00159
Holiday,1900-01-01 12:15:00,Sonstige,1.00318
Saturday,1900-01-01 12:15:00,Prozesskälte,1
Saturday,1900-01-01 12:15:00,Prozesswärme u. mech. Antriebe,1.00159
Saturday,1900-01-01 12:15:00,Sonstige,1.00318
Sunday,1900-01-01 12:15:00,Prozesskälte,1
Sunday,1900-01-01 12:15:00,Prozesswärme u. mech. Antriebe,0.961861
Sunday,1900-01-01 12:15:00,Sonstige,0.923722
Week_day,1900-01-01 12:15:00,Prozesskälte,1
Week_day,1900-01-01 12:15:00,Prozesswärme u. mech. Antriebe,1.09887
Week_day,1900-01-01 12:15:00,Sonstige,1.19775
Constant,1900-01-01 12:30:00,Prozesskälte,1
Constant,1900-01-01 12:30:00,Prozesswärme u. mech. Antriebe,1
Constant,1900-01-01 12:30:00,Sonstige,1
Holiday,1900-01-01 12:30:00,Prozesskälte,1
Holiday,1900-01-01 12:30:00,Prozesswärme u. mech. Antriebe,1.001
Holiday,1900-01-01 12:30:00,Sonstige,1.002
Saturday,1900-01-01 12:30:00,Prozesskälte,1
Saturday,1900-01-01 12:30:00,Prozesswärme u. mech. Antriebe,1.001
Saturday,1900-01-01 12:30:00,Sonstige,1.002
Sunday,1900-01-01 12:30:00,Prozesskälte,1
Sunday,1900-01-01 12:30:00,Prozesswärme u. mech. Antriebe,0.961861
Sunday,1900-01-01 12:30:00,Sonstige,0.923722
Week_day,1900-01-01 12:30:00,Prozesskälte,1
Week_day,1900-01-01 12:30:00,Prozesswärme u. mech. Antriebe,1.09953
Week_day,1900-01-01 12:30:00,Sonstige,1.19906
Constant,1900-01-01 12:45:00,Prozesskälte,1
Constant,1900-01-01 12:45:00,Prozesswärme u. mech. Antriebe,1
Constant,1900-01-01 12:45:00,Sonstige,1
Holiday,1900-01-01 12:45:00,Prozesskälte,1
Holiday,1900-01-01 12:45:00,Prozesswärme u. mech. Antriebe,1.00025
Holiday,1900-01-01 12:45:00,Sonstige,1.0005
Saturday,1900-01-01 12:45:00,Prozesskälte,1
Saturday,1900-01-01 12:45:00,Prozesswärme u. mech. Antriebe,1.00025
Saturday,1900-01-01 12:45:00,Sonstige,1.0005
Sunday,1900-01-01 12:45:00,Prozesskälte,1
Sunday,1900-01-01 12:45:00,Prozesswärme u. mech. Antriebe,0.961861
Sunday,1900-01-01 12:45:00,Sonstige,0.923722
Week_day,1900-01-01 12:45:00,Prozesskälte,1
Week_day,1900-01-01 12:45:00,Prozesswärme u. mech. Antriebe,1.09982
Week_day,1900-01-01 12:45:00,Sonstige,1.19963
Constant,1900-01-01 13:00:00,Prozesskälte,1
Constant,1900-01-01 13:00:00,Prozesswärme u. mech. Antriebe,1
Constant,1900-01-01 13:00:00,Sonstige,1
Holiday,1900-01-01 13:00:00,Prozesskälte,1
Holiday,1900-01-01 13:00:00,Prozesswärme u. mech. Antriebe,0.999314
Holiday,1900-01-01 13:00:00,Sonstige,0.998629
Saturday,1900-01-01 13:00:00,Prozesskälte,1
Saturday,1900-01-01 13:00:00,Prozesswärme u. mech. Antriebe,0.999314
Saturday,1900-01-01 13:00:00,Sonstige,0.998629
Sunday,1900-01-01 13:00:00,Prozesskälte,1
Sunday,1900-01-01 13:00:00,Prozesswärme u. mech. Antriebe,0.961861
Sunday,1900-01-01 13:00:00,Sonstige,0.923722
Week_day,1900-01-01 13:00:00,Prozesskälte,1
Week_day,1900-01-01 13:00:00,Prozesswärme u. mech. Antriebe,1.09962
Week_day,1900-01-01 13:00:00,Sonstige,1.19923
Constant,1900-01-01 13:15:00,Prozesskälte,1
Constant,1900-01-01 13:15:00,Prozesswärme u. mech. Antriebe,1
Constant,1900-01-01 13:15:00,Sonstige,1
Holiday,1900-01-01 13:15:00,Prozesskälte,1
Holiday,1900-01-01 13:15:00,Prozesswärme u. mech. Antriebe,0.998161
Holiday,1900-01-01 13:15:00,Sonstige,0.996323
Saturday,1900-01-01 13:15:00,Prozesskälte,1
Saturday,1900-01-01 13:15:00,Prozesswärme u. mech. Antriebe,0.998161
Saturday,1900-01-01 13:15:00,Sonstige,0.996323
Sunday,1900-01-01 13:15:00,Prozesskälte,1
Sunday,1900-01-01 13:15:00,Prozesswärme u. mech. Antriebe,0.961861
Sunday,1900-01-01 13:15:00,Sonstige,0.923722
Week_day,1900-01-01 13:15:00,Prozesskälte,1
Week_day,1900-01-01 13:15:00,Prozesswärme u. mech. Antriebe,1.09882
Week_day,1900-01-01 13:15:00,Sonstige,1.19764
Constant,1900-01-01 13:30:00,Prozesskälte,1
Constant,1900-01-01 13:30:00,Prozesswärme u. mech. Antriebe,1
Constant,1900-01-01 13:30:00,Sonstige,1
Holiday,1900-01-01 13:30:00,Prozesskälte,1
Holiday,1900-01-01 13:30:00,Prozesswärme u. mech. Antriebe,0.996762
Holiday,1900-01-01 13:30:00,Sonstige,0.993524
Saturday,1900-01-01 13:30:00,Prozesskälte,1
Saturday,1900-01-01 13:30:00,Prozesswärme u. mech. Antriebe,0.996762
Saturday,1900-01-01 13:30:00,Sonstige,0.993524
Sunday,1900-01-01 13:30:00,Prozesskälte,1
Sunday,1900-01-01 13:30:00,Prozesswärme u. mech. Antriebe,0.961861
Sunday,1900-01-01 13:30:00,Sonstige,0.923722
Week_day,1900-01-01 13:30:00,Prozesskälte,1
Week_day,1900-01-01 13:30:00,Prozesswärme u. mech. Antriebe,1.09739
Week_day,1900-01-01 13:30:00,Sonstige,1.19477
Constant,1900-01-01 13:45:00,Prozesskälte,1
Constant,1900-01-01 13:45:00,Prozesswärme u. mech. Antriebe,1
Constant,1900-01-01 13:45:00,Sonstige,1
Holiday,1900-01-01 13:45:00,Prozesskälte,1
Holiday,1900-01-01 13:45:00,Prozesswärme u. mech. Antriebe,0.995086
Holiday,1900-01-01 13:45:00,Sonstige,0.990173
Saturday,1900-01-01 13:45:00,Prozesskälte,1
Saturday,1900-01-01 13:45:00,Prozesswärme u. mech. Antriebe,0.995086
Saturday,1900-01-01 13:45:00,Sonstige,0.990173
Sunday,1900-01-01 13:45:00,Prozesskälte,1
Sunday,1900-01-01 13:45:00,Prozesswärme u. mech. Antriebe,0.961861
Sunday,1900-01-01 13:45:00,Sonstige,0.923722
Week_day,1900-01-01 13:45:00,Prozesskälte,1
Week_day,1900-01-01 13:45:00,Prozesswärme u. mech. Antriebe,1.09528
Week_day,1900-01-01 13:45:00,Sonstige,1.19056
Constant,1900-01-01 14:00:00,Prozesskälte,1
Constant,1900-01-01 14:00:00,Prozesswärme u. mech. Antriebe,1
Constant,1900-01-01 14:00:00,Sonstige,1
Holiday,1900-01-01 14:00:00,Prozesskälte,1
Holiday,1900-01-01 14:00:00,Prozesswärme u. mech. Antriebe,0.993104
Holiday,1900-01-01 14:00:00,Sonstige,0.986208
Saturday,1900-01-01 14:00:00,Prozesskälte,1
Saturday,1900-01-01 14:00:00,Prozesswärme u. mech. Antriebe,0.993104
Saturday,1900-01-01 14:00:00,Sonstige,0.986208
Sunday,1900-01-01 14:00:00,Prozesskälte,1
Sunday,1900-01-01 14:00:00,Prozesswärme u. mech. Antriebe,0.961861
Sunday,1900-01-01 14:00:00,Sonstige,0.923722
Week_day,1900-01-01 14:00:00,Prozesskälte,1
Week_day,1900-01-01 14:00:00,Prozesswärme u. mech. Antriebe,1.09247
Week_day,1900-01-01 14:00:00,Sonstige,1.18494
Constant,1900-01-01 14:15:00,Prozesskälte,1
Constant,1900-01-01 14:15:00,Prozesswärme u. mech. Antriebe,1
Constant,1900-01-01 14:15:00,Sonstige,1
Holiday,1900-01-01 14:15:00,Prozesskälte,1
Holiday,1900-01-01 14:15:00,Prozesswärme u. mech. Antriebe,0.990804
Holiday,1900-01-01 14:15:00,Sonstige,0.981607
Saturday,1900-01-01 14:15:00,Prozesskälte,1
Saturday,1900-01-01 14:15:00,Prozesswärme u. mech. Antriebe,0.990804
Saturday,1900-01-01 14:15:00,Sonstige,0.981607
Sunday,1900-01-01 14:15:00,Prozesskälte,1
Sunday,1900-01-01 14:15:00,Prozesswärme u. mech. Antriebe,0.961861
Sunday,1900-01-01 14:15:00,Sonstige,0.923722
Week_day,1900-01-01 14:15:00,Prozesskälte,1
Week_day,1900-01-01 14:15:00,Prozesswärme u. mech. Antriebe,1.08893
Week_day,1900-01-01 14:15:00,Sonstige,1.17787
Constant,1900-01-01 14:30:00,Prozesskälte,1
Constant,1900-01-01 14:30:00,Prozesswärme u. mech. Antriebe,1
Constant,1900-01-01 14:30:00,Sonstige,1
Holiday,1900-01-01 14:30:00,Prozesskälte,1
Holiday,1900-01-01 14:30:00,Prozesswärme u. mech. Antriebe,0.988248
Holiday,1900-01-01 14:30:00,Sonstige,0.976495
Saturday,1900-01-01 14:30:00,Prozesskälte,1
Saturday,1900-01-01 14:30:00,Prozesswärme u. mech. Antriebe,0.988248
Saturday,1900-01-01 14:30:00,Sonstige,0.976495
Sunday,1900-01-01 14:30:00,Prozesskälte,1
Sunday,1900-01-01 14:30:00,Prozesswärme u. mech. Antriebe,0.961861
Sunday,1900-01-01 14:30:00,Sonstige,0.923722
Week_day,1900-01-01 14:30:00,Prozesskälte,1
Week_day,1900-01-01 14:30:00,Prozesswärme u. mech. Antriebe,1.08469
Week_day,1900-01-01 14:30:00,Sonstige,1.16939
Constant,1900-01-01 14:45:00,Prozesskälte,1
Constant,1900-01-01 14:45:00,Prozesswärme u. mech. Antriebe,1
Constant,1900-01-01 14:45:00,Sonstige,1
Holiday,1900-01-01 14:45:00,Prozesskälte,1
Holiday,1900-01-01 14:45:00,Prozesswärme u. mech. Antriebe,0.985517
Holiday,1900-01-01 14:45:00,Sonstige,0.971034
Saturday,1900-01-01 14:45:00,Prozesskälte,1
Saturday,1900-01-01 14:45:00,Prozesswärme u. mech. Antriebe,0.985517
Saturday,1900-01-01 14:45:00,Sonstige,0.971034
Sunday,1900-01-01 14:45:00,Prozesskälte,1
Sunday,1900-01-01 14:45:00,Prozesswärme u. mech. Antriebe,0.961861
Sunday,1900-01-01 14:45:00,Sonstige,0.923722
Week_day,1900-01-01 14:45:00,Prozesskälte,1
Week_day,1900-01-01 14:45:00,Prozesswärme u. mech. Antriebe,1.07978
Week_day,1900-01-01 14:45:00,Sonstige,1.15956
Constant,1900-01-01 15:00:00,Prozesskälte,1
Constant,1900-01-01 15:00:00,Prozesswärme u. mech. Antriebe,1
Constant,1900-01-01 15:00:00,Sonstige,1
Holiday,1900-01-01 15:00:00,Prozesskälte,1
Holiday,1900-01-01 15:00:00,Prozesswärme u. mech. Antriebe,0.982693
Holiday,1900-01-01 15:00:00,Sonstige,0.965385
Saturday,1900-01-01 15:00:00,Prozesskälte,1
Saturday,1900-01-01 15:00:00,Prozesswärme u. mech. Antriebe,0.982693
Saturday,1900-01-01 15:00:00,Sonstige,0.965385
Sunday,1900-01-01 15:00:00,Prozesskälte,1
Sunday,1900-01-01 15:00:00,Prozesswärme u. mech. Antriebe,0.961861
Sunday,1900-01-01 15:00:00,Sonstige,0.923722
Week_day,1900-01-01 15:00:00,Prozesskälte,1
Week_day,1900-01-01 15:00:00,Prozesswärme u. mech. Antriebe,1.07421
Week_day,1900-01-01 15:00:00,Sonstige,1.14843
Constant,1900-01-01 15:15:00,Prozesskälte,1
Constant,1900-01-01 15:15:00,Prozesswärme u. mech. Antriebe,1
Constant,1900-01-01 15:15:00,Sonstige,1
Holiday,1900-01-01 15:15:00,Prozesskälte,1
Holiday,1900-01-01 15:15:00,Prozesswärme u. mech. Antriebe,0.979856
Holiday,1900-01-01 15:15:00,Sonstige,0.959712
Saturday,1900-01-01 15:15:00,Prozesskälte,1
Saturday,1900-01-01 15:15:00,Prozesswärme u. mech. Antriebe,0.979856
Saturday,1900-01-01 15:15:00,Sonstige,0.959712
Sunday,1900-01-01 15:15:00,Prozesskälte,1
Sunday,1900-01-01 15:15:00,Prozesswärme u. mech. Antriebe,0.961861
Sunday,1900-01-01 15:15:00,Sonstige,0.923722
Week_day,1900-01-01 15:15:00,Prozesskälte,1
Week_day,1900-01-01 15:15:00,Prozesswärme u. mech. Antriebe,1.06805
Week_day,1900-01-01 15:15:00,Sonstige,1.1361
Constant,1900-01-01 15:30:00,Prozesskälte,1
Constant,1900-01-01 15:30:00,Prozesswärme u. mech. Antriebe,1
Constant,1900-01-01 15:30:00,Sonstige,1
Holiday,1900-01-01 15:30:00,Prozesskälte,1
Holiday,1900-01-01 15:30:00,Prozesswärme u. mech. Antriebe,0.97709
Holiday,1900-01-01 15:30:00,Sonstige,0.954179
Saturday,1900-01-01 15:30:00,Prozesskälte,1
Saturday,1900-01-01 15:30:00,Prozesswärme u. mech. Antriebe,0.97709
Saturday,1900-01-01 15:30:00,Sonstige,0.954179
Sunday,1900-01-01 15:30:00,Prozesskälte,1
Sunday,1900-01-01 15:30:00,Prozesswärme u. mech. Antriebe,0.961861
Sunday,1900-01-01 15:30:00,Sonstige,0.923722
Week_day,1900-01-01 15:30:00,Prozesskälte,1
Week_day,1900-01-01 15:30:00,Prozesswärme u. mech. Antriebe,1.06141
Week_day,1900-01-01 15:30:00,Sonstige,1.12282
Constant,1900-01-01 15:45:00,Prozesskälte,1
Constant,1900-01-01 15:45:00,Prozesswärme u. mech. Antriebe,1
Constant,1900-01-01 15:45:00,Sonstige,1
Holiday,1900-01-01 15:45:00,Prozesskälte,1
Holiday,1900-01-01 15:45:00,Prozesswärme u. mech. Antriebe,0.974476
Holiday,1900-01-01 15:45:00,Sonstige,0.948952
Saturday,1900-01-01 15:45:00,Prozesskälte,1
Saturday,1900-01-01 15:45:00,Prozesswärme u. mech. Antriebe,0.974476
Saturday,1900-01-01 15:45:00,Sonstige,0.948952
Sunday,1900-01-01 15:45:00,Prozesskälte,1
Sunday,1900-01-01 15:45:00,Prozesswärme u. mech. Antriebe,0.961861
Sunday,1900-01-01 15:45:00,Sonstige,0.923722
Week_day,1900-01-01 15:45:00,Prozesskälte,1
Week_day,1900-01-01 15:45:00,Prozesswärme u. mech. Antriebe,1.05444
Week_day,1900-01-01 15:45:00,Sonstige,1.10888
Constant,1900-01-01 16:00:00,Prozesskälte,1
Constant,1900-01-01 16:00:00,Prozesswärme u. mech. Antriebe,1
Constant,1900-01-01 16:00:00,Sonstige,1
Holiday,1900-01-01 16:00:00,Prozesskälte,1
Holiday,1900-01-01 16:00:00,Prozesswärme u. mech. Antriebe,0.972099
Holiday,1900-01-01 16:00:00,Sonstige,0.944197
Saturday,1900-01-01 16:00:00,Prozesskälte,1
Saturday,1900-01-01 16:00:00,Prozesswärme u. mech. Antriebe,0.972099
Saturday,1900-01-01 16:00:00,Sonstige,0.944197
Sunday,1900-01-01 16:00:00,Prozesskälte,1
Sunday,1900-01-01 16:00:00,Prozesswärme u. mech. Antriebe,0.961861
Sunday,1900-01-01 16:00:00,Sonstige,0.923722
Week_day,1900-01-01 16:00:00,Prozesskälte,1
Week_day,1900-01-01 16:00:00,Prozesswärme u. mech. Antriebe,1.04727
Week_day,1900-01-01 16:00:00,Sonstige,1.09455
Constant,1900-01-01 16:15:00,Prozesskälte,1
Constant,1900-01-01 16:15:00,Prozesswärme u. mech. Antriebe,1
Constant,1900-01-01 16:15:00,Sonstige,1
Holiday,1900-01-01 16:15:00,Prozesskälte,1
Holiday,1900-01-01 16:15:00,Prozesswärme u. mech. Antriebe,0.970026
Holiday,1900-01-01 16:15:00,Sonstige,0.940051
Saturday,1900-01-01 16:15:00,Prozesskälte,1
Saturday,1900-01-01 16:15:00,Prozesswärme u. mech. Antriebe,0.970026
Saturday,1900-01-01 16:15:00,Sonstige,0.940051
Sunday,1900-01-01 16:15:00,Prozesskälte,1
Sunday,1900-01-01 16:15:00,Prozesswärme u. mech. Antriebe,0.961861
Sunday,1900-01-01 16:15:00,Sonstige,0.923722
Week_day,1900-01-01 16:15:00,Prozesskälte,1
Week_day,1900-01-01 16:15:00,Prozesswärme u. mech. Antriebe,1.04006
Week_day,1900-01-01 16:15:00,Sonstige,1.08013
Constant,1900-01-01 16:30:00,Prozesskälte,1
Constant,1900-01-01 16:30:00,Prozesswärme u. mech. Antriebe,1
Constant,1900-01-01 16:30:00,Sonstige,1
Holiday,1900-01-01 16:30:00,Prozesskälte,1
Holiday,1900-01-01 16:30:00,Prozesswärme u. mech. Antriebe,0.96827
Holiday,1900-01-01 16:30:00,Sonstige,0.93654
Saturday,1900-01-01 16:30:00,Prozesskälte,1
Saturday,1900-01-01 16:30:00,Prozesswärme u. mech. Antriebe,0.96827
Saturday,1900-01-01 16:30:00,Sonstige,0.93654
Sunday,1900-01-01 16:30:00,Prozesskälte,1
Sunday,1900-01-01 16:30:00,Prozesswärme u. mech. Antriebe,0.961861
Sunday,1900-01-01 16:30:00,Sonstige,0.923722
Week_day,1900-01-01 16:30:00,Prozesskälte,1
Week_day,1900-01-01 16:30:00,Prozesswärme u. mech. Antriebe,1.03296
Week_day,1900-01-01 16:30:00,Sonstige,1.06592
Constant,1900-01-01 16:45:00,Prozesskälte,1
Constant,1900-01-01 16:45:00,Prozesswärme u. mech. Antriebe,1
Constant,1900-01-01 16:45:00,Sonstige,1
Holiday,1900-01-01 16:45:00,Prozesskälte,1
Holiday,1900-01-01 16:45:00,Prozesswärme u. mech. Antriebe,0.96683
Holiday,1900-01-01 16:45:00,Sonstige,0.933661
Saturday,1900-01-01 16:45:00,Prozesskälte,1
Saturday,1900-01-01 16:45:00,Prozesswärme u. mech. Antriebe,0.96683
Saturday,1900-01-01 16:45:00,Sonstige,0.933661
Sunday,1900-01-01 16:45:00,Prozesskälte,1
Sunday,1900-01-01 16:45:00,Prozesswärme u. mech. Antriebe,0.961861
Sunday,1900-01-01 16:45:00,Sonstige,0.923722
Week_day,1900-01-01 16:45:00,Prozesskälte,1
Week_day,1900-01-01 16:45:00,Prozesswärme u. mech. Antriebe,1.02611
Week_day,1900-01-01 16:45:00,Sonstige,1.05222
Constant,1900-01-01 17:00:00,Prozesskälte,1
Constant,1900-01-01 17:00:00,Prozesswärme u. mech. Antriebe,1
Constant,1900-01-01 17:00:00,Sonstige,1
Holiday,1900-01-01 17:00:00,Prozesskälte,1
Holiday,1900-01-01 17:00:00,Prozesswärme u. mech. Antriebe,0.965706
Holiday,1900-01-01 17:00:00,Sonstige,0.931411
Saturday,1900-01-01 17:00:00,Prozesskälte,1
Saturday,1900-01-01 17:00:00,Prozesswärme u. mech. Antriebe,0.965706
Saturday,1900-01-01 17:00:00,Sonstige,0.931411
Sunday,1900-01-01 17:00:00,Prozesskälte,1
Sunday,1900-01-01 17:00:00,Prozesswärme u. mech. Antriebe,0.961861
Sunday,1900-01-01 17:00:00,Sonstige,0.923722
Week_day,1900-01-01 17:00:00,Prozesskälte,1
Week_day,1900-01-01 17:00:00,Prozesswärme u. mech. Antriebe,1.01967
Week_day,1900-01-01 17:00:00,Sonstige,1.03935
Constant,1900-01-01 17:15:00,Prozesskälte,1
Constant,1900-01-01 17:15:00,Prozesswärme u. mech. Antriebe,1
Constant,1900-01-01 17:15:00,Sonstige,1
Holiday,1900-01-01 17:15:00,Prozesskälte,1
Holiday,1900-01-01 17:15:00,Prozesswärme u. mech. Antriebe,0.964881
Holiday,1900-01-01 17:15:00,Sonstige,0.929762
Saturday,1900-01-01 17:15:00,Prozesskälte,1
Saturday,1900-01-01 17:15:00,Prozesswärme u. mech. Antriebe,0.964881
Saturday,1900-01-01 17:15:00,Sonstige,0.929762
Sunday,1900-01-01 17:15:00,Prozesskälte,1
Sunday,1900-01-01 17:15:00,Prozesswärme u. mech. Antriebe,0.961861
Sunday,1900-01-01 17:15:00,Sonstige,0.923722
Week_day,1900-01-01 17:15:00,Prozesskälte,1
Week_day,1900-01-01 17:15:00,Prozesswärme u. mech. Antriebe,1.01378
Week_day,1900-01-01 17:15:00,Sonstige,1.02757
Constant,1900-01-01 17:30:00,Prozesskälte,1
Constant,1900-01-01 17:30:00,Prozesswärme u. mech. Antriebe,1
Constant,1900-01-01 17:30:00,Sonstige,1
Holiday,1900-01-01 17:30:00,Prozesskälte,1
Holiday,1900-01-01 17:30:00,Prozesswärme u. mech. Antriebe,0.964293
Holiday,1900-01-01 17:30:00,Sonstige,0.928585
Saturday,1900-01-01 17:30:00,Prozesskälte,1
Saturday,1900-01-01 17:30:00,Prozesswärme u. mech. Antriebe,0.964293
Saturday,1900-01-01 17:30:00,Sonstige,0.928585
Sunday,1900-01-01 17:30:00,Prozesskälte,1
Sunday,1900-01-01 17:30:00,Prozesswärme u. mech. Antriebe,0.961861
Sunday,1900-01-01 17:30:00,Sonstige,0.923722
Week_day,1900-01-01 17:30:00,Prozesskälte,1
Week_day,1900-01-01 17:30:00,Prozesswärme u. mech. Antriebe,1.00852
Week_day,1900-01-01 17:30:00,Sonstige,1.01704
Constant,1900-01-01 17:45:00,Prozesskälte,1
Constant,1900-01-01 17:45:00,Prozesswärme u. mech. Antriebe,1
Constant,1900-01-01 17:45:00,Sonstige,1
Holiday,1900-01-01 17:45:00,Prozesskälte,1
Holiday,1900-01-01 17:45:00,Prozesswärme u. mech. Antriebe,0.963863
Holiday,1900-01-01 17:45:00,Sonstige,0.927725
Saturday,1900-01-01 17:45:00,Prozesskälte,1
Saturday,1900-01-01 17:45:00,Prozesswärme u. mech. Antriebe,0.963863
Saturday,1900-01-01 17:45:00,Sonstige,0.927725
Sunday,1900-01-01 17:45:00,Prozesskälte,1
Sunday,1900-01-01 17:45:00,Prozesswärme u. mech. Antriebe,0.961861
Sunday,1900-01-01 17:45:00,Sonstige,0.923722
Week_day,1900-01-01 17:45:00,Prozesskälte,1
Week_day,1900-01-01 17:45:00,Prozesswärme u. mech. Antriebe,1.00394
Week_day,1900-01-01 17:45:00,Sonstige,1.00787
Constant,1900-01-01 18:00:00,Prozesskälte,1
Constant,1900-01-01 18:00:00,Prozesswärme u. mech. Antriebe,1
Constant,1900-01-01 18:00:00,Sonstige,1
Holiday,1900-01-01 18:00:00,Prozesskälte,1
Holiday,1900-01-01 18:00:00,Prozesswärme u. mech. Antriebe,0.963514
Holiday,1900-01-01 18:00:00,Sonstige,0.927027
Saturday,1900-01-01 18:00:00,Prozesskälte,1
Saturday,1900-01-01 18:00:00,Prozesswärme u. mech. Antriebe,0.963514
Saturday,1900-01-01 18:00:00,Sonstige,0.927027
Sunday,1900-01-01 18:00:00,Prozesskälte,1
Sunday,1900-01-01 18:00:00,Prozesswärme u. mech. Antriebe,0.961861
Sunday,1900-01-01 18:00:00,Sonstige,0.923722
Week_day,1900-01-01 18:00:00,Prozesskälte,1
Week_day,1900-01-01 18:00:00,Prozesswärme u. mech. Antriebe,1.0001
Week_day,1900-01-01 18:00:00,Sonstige,1.0002
Constant,1900-01-01 18:15:00,Prozesskälte,1
Constant,1900-01-01 18:15:00,Prozesswärme u. mech. Antriebe,1
Constant,1900-01-01 18:15:00,Sonstige,1
Holiday,1900-01-01 18:15:00,Prozesskälte,1
Holiday,1900-01-01 18:15:00,Prozesswärme u. mech. Antriebe,0.963182
Holiday,1900-01-01 18:15:00,Sonstige,0.926363
Saturday,1900-01-01 18:15:00,Prozesskälte,1
Saturday,1900-01-01 18:15:00,Prozesswärme u. mech. Antriebe,0.963182
Saturday,1900-01-01 18:15:00,Sonstige,0.926363
Sunday,1900-01-01 18:15:00,Prozesskälte,1
Sunday,1900-01-01 18:15:00,Prozesswärme u. mech. Antriebe,0.961861
Sunday,1900-01-01 18:15:00,Sonstige,0.923722
Week_day,1900-01-01 18:15:00,Prozesskälte,1
Week_day,1900-01-01 18:15:00,Prozesswärme u. mech. Antriebe,0.997048
Week_day,1900-01-01 18:15:00,Sonstige,0.994096
Constant,1900-01-01 18:30:00,Prozesskälte,1
Constant,1900-01-01 18:30:00,Prozesswärme u. mech. Antriebe,1
Constant,1900-01-01 18:30:00,Sonstige,1
Holiday,1900-01-01 18:30:00,Prozesskälte,1
Holiday,1900-01-01 18:30:00,Prozesswärme u. mech. Antriebe,0.962856
Holiday,1900-01-01 18:30:00,Sonstige,0.925712
Saturday,1900-01-01 18:30:00,Prozesskälte,1
Saturday,1900-01-01 18:30:00,Prozesswärme u. mech. Antriebe,0.962856
Saturday,1900-01-01 18:30:00,Sonstige,0.925712
Sunday,1900-01-01 18:30:00,Prozesskälte,1
Sunday,1900-01-01 18:30:00,Prozesswärme u. mech. Antriebe,0.961861
Sunday,1900-01-01 18:30:00,Sonstige,0.923722
Week_day,1900-01-01 18:30:00,Prozesskälte,1
Week_day,1900-01-01 18:30:00,Prozesswärme u. mech. Antriebe,0.994714
Week_day,1900-01-01 18:30:00,Sonstige,0.989429
Constant,1900-01-01 18:45:00,Prozesskälte,1
Constant,1900-01-01 18:45:00,Prozesswärme u. mech. Antriebe,1
Constant,1900-01-01 18:45:00,Sonstige,1
Holiday,1900-01-01 18:45:00,Prozesskälte,1
Holiday,1900-01-01 18:45:00,Prozesswärme u. mech. Antriebe,0.96254
Holiday,1900-01-01 18:45:00,Sonstige,0.925079
Saturday,1900-01-01 18:45:00,Prozesskälte,1
Saturday,1900-01-01 18:45:00,Prozesswärme u. mech. Antriebe,0.96254
Saturday,1900-01-01 18:45:00,Sonstige,0.925079
Sunday,1900-01-01 18:45:00,Prozesskälte,1
Sunday,1900-01-01 18:45:00,Prozesswärme u. mech. Antriebe,0.961861
Sunday,1900-01-01 18:45:00,Sonstige,0.923722
Week_day,1900-01-01 18:45:00,Prozesskälte,1
Week_day,1900-01-01 18:45:00,Prozesswärme u. mech. Antriebe,0.993012
Week_day,1900-01-01 18:45:00,Sonstige,0.986025
Constant,1900-01-01 19:00:00,Prozesskälte,1
Constant,1900-01-01 19:00:00,Prozesswärme u. mech. Antriebe,1
Constant,1900-01-01 19:00:00,Sonstige,1
Holiday,1900-01-01 19:00:00,Prozesskälte,1
Holiday,1900-01-01 19:00:00,Prozesswärme u. mech. Antriebe,0.962235
Holiday,1900-01-01 19:00:00,Sonstige,0.92447
Saturday,1900-01-01 19:00:00,Prozesskälte,1
Saturday,1900-01-01 19:00:00,Prozesswärme u. mech. Antriebe,0.962235
Saturday,1900-01-01 19:00:00,Sonstige,0.92447
Sunday,1900-01-01 19:00:00,Prozesskälte,1
Sunday,1900-01-01 19:00:00,Prozesswärme u. mech. Antriebe,0.961861
Sunday,1900-01-01 19:00:00,Sonstige,0.923722
Week_day,1900-01-01 19:00:00,Prozesskälte,1
Week_day,1900-01-01 19:00:00,Prozesswärme u. mech. Antriebe,0.991854
Week_day,1900-01-01 19:00:00,Sonstige,0.983707
Constant,1900-01-01 19:15:00,Prozesskälte,1
Constant,1900-01-01 19:15:00,Prozesswärme u. mech. Antriebe,1
Constant,1900-01-01 19:15:00,Sonstige,1
Holiday,1900-01-01 19:15:00,Prozesskälte,1
Holiday,1900-01-01 19:15:00,Prozesswärme u. mech. Antriebe,0.961962
Holiday,1900-01-01 19:15:00,Sonstige,0.923923
Saturday,1900-01-01 19:15:00,Prozesskälte,1
Saturday,1900-01-01 19:15:00,Prozesswärme u. mech. Antriebe,0.961962
Saturday,1900-01-01 19:15:00,Sonstige,0.923923
Sunday,1900-01-01 19:15:00,Prozesskälte,1
Sunday,1900-01-01 19:15:00,Prozesswärme u. mech. Antriebe,0.961861
Sunday,1900-01-01 19:15:00,Sonstige,0.923722
Week_day,1900-01-01 19:15:00,Prozesskälte,1
Week_day,1900-01-01 19:15:00,Prozesswärme u. mech. Antriebe,0.991138
Week_day,1900-01-01 19:15:00,Sonstige,0.982277
Constant,1900-01-01 19:30:00,Prozesskälte,1
Constant,1900-01-01 19:30:00,Prozesswärme u. mech. Antriebe,1
Constant,1900-01-01 19:30:00,Sonstige,1
Holiday,1900-01-01 19:30:00,Prozesskälte,1
Holiday,1900-01-01 19:30:00,Prozesswärme u. mech. Antriebe,0.961803
Holiday,1900-01-01 19:30:00,Sonstige,0.923607
Saturday,1900-01-01 19:30:00,Prozesskälte,1
Saturday,1900-01-01 19:30:00,Prozesswärme u. mech. Antriebe,0.961803
Saturday,1900-01-01 19:30:00,Sonstige,0.923607
Sunday,1900-01-01 19:30:00,Prozesskälte,1
Sunday,1900-01-01 19:30:00,Prozesswärme u. mech. Antriebe,0.961861
Sunday,1900-01-01 19:30:00,Sonstige,0.923722
Week_day,1900-01-01 19:30:00,Prozesskälte,1
Week_day,1900-01-01 19:30:00,Prozesswärme u. mech. Antriebe,0.990715
Week_day,1900-01-01 19:30:00,Sonstige,0.981431
Constant,1900-01-01 19:45:00,Prozesskälte,1
Constant,1900-01-01 19:45:00,Prozesswärme u. mech. Antriebe,1
Constant,1900-01-01 19:45:00,Sonstige,1
Holiday,1900-01-01 19:45:00,Prozesskälte,1
Holiday,1900-01-01 19:45:00,Prozesswärme u. mech. Antriebe,0.961861
Holiday,1900-01-01 19:45:00,Sonstige,0.923722
Saturday,1900-01-01 19:45:00,Prozesskälte,1
Saturday,1900-01-01 19:45:00,Prozesswärme u. mech. Antriebe,0.961861
Saturday,1900-01-01 19:45:00,Sonstige,0.923722
Sunday,1900-01-01 19:45:00,Prozesskälte,1
Sunday,1900-01-01 19:45:00,Prozesswärme u. mech. Antriebe,0.961861
Sunday,1900-01-01 19:45:00,Sonstige,0.923722
Week_day,1900-01-01 19:45:00,Prozesskälte,1
Week_day,1900-01-01 19:45:00,Prozesswärme u. mech. Antriebe,0.990422
Week_day,1900-01-01 19:45:00,Sonstige,0.980844
Constant,1900-01-01 20:00:00,Prozesskälte,1
Constant,1900-01-01 20:00:00,Prozesswärme u. mech. Antriebe,1
Constant,1900-01-01 20:00:00,Sonstige,1
Holiday,1900-01-01 20:00:00,Prozesskälte,1
Holiday,1900-01-01 20:00:00,Prozesswärme u. mech. Antriebe,0.962235
Holiday,1900-01-01 20:00:00,Sonstige,0.92447
Saturday,1900-01-01 20:00:00,Prozesskälte,1
Saturday,1900-01-01 20:00:00,Prozesswärme u. mech. Antriebe,0.961861
Saturday,1900-01-01 20:00:00,Sonstige,0.923722
Sunday,1900-01-01 20:00:00,Prozesskälte,1
Sunday,1900-01-01 20:00:00,Prozesswärme u. mech. Antriebe,0.962235
Sunday,1900-01-01 20:00:00,Sonstige,0.92447
Week_day,1900-01-01 20:00:00,Prozesskälte,1
Week_day,1900-01-01 20:00:00,Prozesswärme u. mech. Antriebe,0.990094
Week_day,1900-01-01 20:00:00,Sonstige,0.980189
Constant,1900-01-01 20:15:00,Prozesskälte,1
Constant,1900-01-01 20:15:00,Prozesswärme u. mech. Antriebe,1
Constant,1900-01-01 20:15:00,Sonstige,1
Holiday,1900-01-01 20:15:00,Prozesskälte,1
Holiday,1900-01-01 20:15:00,Prozesswärme u. mech. Antriebe,0.963036
Holiday,1900-01-01 20:15:00,Sonstige,0.926072
Saturday,1900-01-01 20:15:00,Prozesskälte,1
Saturday,1900-01-01 20:15:00,Prozesswärme u. mech. Antriebe,0.961861
Saturday,1900-01-01 20:15:00,Sonstige,0.923722
Sunday,1900-01-01 20:15:00,Prozesskälte,1
Sunday,1900-01-01 20:15:00,Prozesswärme u. mech. Antriebe,0.963036
Sunday,1900-01-01 20:15:00,Sonstige,0.926072
Week_day,1900-01-01 20:15:00,Prozesskälte,1
Week_day,1900-01-01 20:15:00,Prozesswärme u. mech. Antriebe,0.989574
Week_day,1900-01-01 20:15:00,Sonstige,0.979149
Constant,1900-01-01 20:30:00,Prozesskälte,1
Constant,1900-01-01 20:30:00,Prozesswärme u. mech. Antriebe,1
Constant,1900-01-01 20:30:00,Sonstige,1
Holiday,1900-01-01 20:30:00,Prozesskälte,1
Holiday,1900-01-01 20:30:00,Prozesswärme u. mech. Antriebe,0.964414
Holiday,1900-01-01 20:30:00,Sonstige,0.928828
Saturday,1900-01-01 20:30:00,Prozesskälte,1
Saturday,1900-01-01 20:30:00,Prozesswärme u. mech. Antriebe,0.961861
Saturday,1900-01-01 20:30:00,Sonstige,0.923722
Sunday,1900-01-01 20:30:00,Prozesskälte,1
Sunday,1900-01-01 20:30:00,Prozesswärme u. mech. Antriebe,0.964414
Sunday,1900-01-01 20:30:00,Sonstige,0.928828
Week_day,1900-01-01 20:30:00,Prozesskälte,1
Week_day,1900-01-01 20:30:00,Prozesswärme u. mech. Antriebe,0.988722
Week_day,1900-01-01 20:30:00,Sonstige,0.977443
Constant,1900-01-01 20:45:00,Prozesskälte,1
Constant,1900-01-01 20:45:00,Prozesswärme u. mech. Antriebe,1
Constant,1900-01-01 20:45:00,Sonstige,1
Holiday,1900-01-01 20:45:00,Prozesskälte,1
Holiday,1900-01-01 20:45:00,Prozesswärme u. mech. Antriebe,0.966529
Holiday,1900-01-01 20:45:00,Sonstige,0.933058
Saturday,1900-01-01 20:45:00,Prozesskälte,1
Saturday,1900-01-01 20:45:00,Prozesswärme u. mech. Antriebe,0.961861
Saturday,1900-01-01 20:45:00,Sonstige,0.923722
Sunday,1900-01-01 20:45:00,Prozesskälte,1
Sunday,1900-01-01 20:45:00,Prozesswärme u. mech. Antriebe,0.966529
Sunday,1900-01-01 20:45:00,Sonstige,0.933058
Week_day,1900-01-01 20:45:00,Prozesskälte,1
Week_day,1900-01-01 20:45:00,Prozesswärme u. mech. Antriebe,0.987401
Week_day,1900-01-01 20:45:00,Sonstige,0.974801
Constant,1900-01-01 21:00:00,Prozesskälte,1
Constant,1900-01-01 21:00:00,Prozesswärme u. mech. Antriebe,1
Constant,1900-01-01 21:00:00,Sonstige,1
Holiday,1900-01-01 21:00:00,Prozesskälte,1
Holiday,1900-01-01 21:00:00,Prozesswärme u. mech. Antriebe,0.969541
Holiday,1900-01-01 21:00:00,Sonstige,0.939083
Saturday,1900-01-01 21:00:00,Prozesskälte,1
Saturday,1900-01-01 21:00:00,Prozesswärme u. mech. Antriebe,0.961861
Saturday,1900-01-01 21:00:00,Sonstige,0.923722
Sunday,1900-01-01 21:00:00,Prozesskälte,1
Sunday,1900-01-01 21:00:00,Prozesswärme u. mech. Antriebe,0.969541
Sunday,1900-01-01 21:00:00,Sonstige,0.939083
Week_day,1900-01-01 21:00:00,Prozesskälte,1
Week_day,1900-01-01 21:00:00,Prozesswärme u. mech. Antriebe,0.985476
Week_day,1900-01-01 21:00:00,Sonstige,0.970952
Constant,1900-01-01 21:15:00,Prozesskälte,1
Constant,1900-01-01 21:15:00,Prozesswärme u. mech. Antriebe,1
Constant,1900-01-01 21:15:00,Sonstige,1
Holiday,1900-01-01 21:15:00,Prozesskälte,1
Holiday,1900-01-01 21:15:00,Prozesswärme u. mech. Antriebe,0.973621
Holiday,1900-01-01 21:15:00,Sonstige,0.947241
Saturday,1900-01-01 21:15:00,Prozesskälte,1
Saturday,1900-01-01 21:15:00,Prozesswärme u. mech. Antriebe,0.961861
Saturday,1900-01-01 21:15:00,Sonstige,0.923722
Sunday,1900-01-01 21:15:00,Prozesskälte,1
Sunday,1900-01-01 21:15:00,Prozesswärme u. mech. Antriebe,0.973621
Sunday,1900-01-01 21:15:00,Sonstige,0.947241
Week_day,1900-01-01 21:15:00,Prozesskälte,1
Week_day,1900-01-01 21:15:00,Prozesswärme u. mech. Antriebe,0.982818
Week_day,1900-01-01 21:15:00,Sonstige,0.965636
Constant,1900-01-01 21:30:00,Prozesskälte,1
Constant,1900-01-01 21:30:00,Prozesswärme u. mech. Antriebe,1
Constant,1900-01-01 21:30:00,Sonstige,1
Holiday,1900-01-01 21:30:00,Prozesskälte,1
Holiday,1900-01-01 21:30:00,Prozesswärme u. mech. Antriebe,0.978975
Holiday,1900-01-01 21:30:00,Sonstige,0.957951
Saturday,1900-01-01 21:30:00,Prozesskälte,1
Saturday,1900-01-01 21:30:00,Prozesswärme u. mech. Antriebe,0.961861
Saturday,1900-01-01 21:30:00,Sonstige,0.923722
Sunday,1900-01-01 21:30:00,Prozesskälte,1
Sunday,1900-01-01 21:30:00,Prozesswärme u. mech. Antriebe,0.978975
Sunday,1900-01-01 21:30:00,Sonstige,0.957951
Week_day,1900-01-01 21:30:00,Prozesskälte,1
Week_day,1900-01-01 21:30:00,Prozesswärme u. mech. Antriebe,0.979322
Week_day,1900-01-01 21:30:00,Sonstige,0.958644
Constant,1900-01-01 21:45:00,Prozesskälte,1
Constant,1900-01-01 21:45:00,Prozesswärme u. mech. Antriebe,1
Constant,1900-01-01 21:45:00,Sonstige,1
Holiday,1900-01-01 21:45:00,Prozesskälte,1
Holiday,1900-01-01 21:45:00,Prozesswärme u. mech. Antriebe,0.985823
Holiday,1900-01-01 21:45:00,Sonstige,0.971647
Saturday,1900-01-01 21:45:00,Prozesskälte,1
Saturday,1900-01-01 21:45:00,Prozesswärme u. mech. Antriebe,0.961861
Saturday,1900-01-01 21:45:00,Sonstige,0.923722
Sunday,1900-01-01 21:45:00,Prozesskälte,1
Sunday,1900-01-01 21:45:00,Prozesswärme u. mech. Antriebe,0.985823
Sunday,1900-01-01 21:45:00,Sonstige,0.971647
Week_day,1900-01-01 21:45:00,Prozesskälte,1
Week_day,1900-01-01 21:45:00,Prozesswärme u. mech. Antriebe,0.97489
Week_day,1900-01-01 21:45:00,Sonstige,0.949779
Constant,1900-01-01 22:00:00,Prozesskälte,1
Constant,1900-01-01 22:00:00,Prozesswärme u. mech. Antriebe,1
Constant,1900-01-01 22:00:00,Sonstige,1
Holiday,1900-01-01 22:00:00,Prozesskälte,1
Holiday,1900-01-01 22:00:00,Prozesswärme u. mech. Antriebe,0.994383
Holiday,1900-01-01 22:00:00,Sonstige,0.988765
Saturday,1900-01-01 22:00:00,Prozesskälte,1
Saturday,1900-01-01 22:00:00,Prozesswärme u. mech. Antriebe,0.961861
Saturday,1900-01-01 22:00:00,Sonstige,0.923722
Sunday,1900-01-01 22:00:00,Prozesskälte,1
Sunday,1900-01-01 22:00:00,Prozesswärme u. mech. Antriebe,0.994383
Sunday,1900-01-01 22:00:00,Sonstige,0.988765
Week_day,1900-01-01 22:00:00,Prozesskälte,1
Week_day,1900-01-01 22:00:00,Prozesswärme u. mech. Antriebe,0.969422
Week_day,1900-01-01 22:00:00,Sonstige,0.938843
Constant,1900-01-01 22:15:00,Prozesskälte,1
Constant,1900-01-01 22:15:00,Prozesswärme u. mech. Antriebe,1
Constant,1900-01-01 22:15:00,Sonstige,1
Holiday,1900-01-01 22:15:00,Prozesskälte,1
Holiday,1900-01-01 22:15:00,Prozesswärme u. mech. Antriebe,1.00487
Holiday,1900-01-01 22:15:00,Sonstige,1.00974
Saturday,1900-01-01 22:15:00,Prozesskälte,1
Saturday,1900-01-01 22:15:00,Prozesswärme u. mech. Antriebe,0.961861
Saturday,1900-01-01 22:15:00,Sonstige,0.923722
Sunday,1900-01-01 22:15:00,Prozesskälte,1
Sunday,1900-01-01 22:15:00,Prozesswärme u. mech. Antriebe,1.00487
Sunday,1900-01-01 22:15:00,Sonstige,1.00974
Week_day,1900-01-01 22:15:00,Prozesskälte,1
Week_day,1900-01-01 22:15:00,Prozesswärme u. mech. Antriebe,0.96282
Week_day,1900-01-01 22:15:00,Sonstige,0.925639
Constant,1900-01-01 22:30:00,Prozesskälte,1
Constant,1900-01-01 22:30:00,Prozesswärme u. mech. Antriebe,1
Constant,1900-01-01 22:30:00,Sonstige,1
Holiday,1900-01-01 22:30:00,Prozesskälte,1
Holiday,1900-01-01 22:30:00,Prozesswärme u. mech. Antriebe,1.01751
Holiday,1900-01-01 22:30:00,Sonstige,1.03501
Saturday,1900-01-01 22:30:00,Prozesskälte,1
Saturday,1900-01-01 22:30:00,Prozesswärme u. mech. Antriebe,0.961861
Saturday,1900-01-01 22:30:00,Sonstige,0.923722
Sunday,1900-01-01 22:30:00,Prozesskälte,1
Sunday,1900-01-01 22:30:00,Prozesswärme u. mech. Antriebe,1.01751
Sunday,1900-01-01 22:30:00,Sonstige,1.03501
Week_day,1900-01-01 22:30:00,Prozesskälte,1
Week_day,1900-01-01 22:30:00,Prozesswärme u. mech. Antriebe,0.954985
Week_day,1900-01-01 22:30:00,Sonstige,0.90997
Constant,1900-01-01 22:45:00,Prozesskälte,1
Constant,1900-01-01 22:45:00,Prozesswärme u. mech. Antriebe,1
Constant,1900-01-01 22:45:00,Sonstige,1
Holiday,1900-01-01 22:45:00,Prozesskälte,1
Holiday,1900-01-01 22:45:00,Prozesswärme u. mech. Antriebe,1.03251
Holiday,1900-01-01 22:45:00,Sonstige,1.06502
Saturday,1900-01-01 22:45:00,Prozesskälte,1
Saturday,1900-01-01 22:45:00,Prozesswärme u. mech. Antriebe,0.961861
Saturday,1900-01-01 22:45:00,Sonstige,0.923722
Sunday,1900-01-01 22:45:00,Prozesskälte,1
Sunday,1900-01-01 22:45:00,Prozesswärme u. mech. Antriebe,1.03251
Sunday,1900-01-01 22:45:00,Sonstige,1.06502
Week_day,1900-01-01 22:45:00,Prozesskälte,1
Week_day,1900-01-01 22:45:00,Prozesswärme u. mech. Antriebe,0.945819
Week_day,1900-01-01 22:45:00,Sonstige,0.891639
Constant,1900-01-01 23:00:00,Prozesskälte,1
Constant,1900-01-01 23:00:00,Prozesswärme u. mech. Antriebe,1
Constant,1900-01-01 23:00:00,Sonstige,1
Holiday,1900-01-01 23:00:00,Prozesskälte,1
Holiday,1900-01-01 23:00:00,Prozesswärme u. mech. Antriebe,1.05009
Holiday,1900-01-01 23:00:00,Sonstige,1.10019
Saturday,1900-01-01 23:00:00,Prozesskälte,1
Saturday,1900-01-01 23:00:00,Prozesswärme u. mech. Antriebe,0.961861
Saturday,1900-01-01 23:00:00,Sonstige,0.923722
Sunday,1900-01-01 23:00:00,Prozesskälte,1
Sunday,1900-01-01 23:00:00,Prozesswärme u. mech. Antriebe,1.05009
Sunday,1900-01-01 23:00:00,Sonstige,1.10019
Week_day,1900-01-01 23:00:00,Prozesskälte,1
Week_day,1900-01-01 23:00:00,Prozesswärme u. mech. Antriebe,0.935224
Week_day,1900-01-01 23:00:00,Sonstige,0.870447
Constant,1900-01-01 23:15:00,Prozesskälte,1
Constant,1900-01-01 23:15:00,Prozesswärme u. mech. Antriebe,1
Constant,1900-01-01 23:15:00,Sonstige,1
Holiday,1900-01-01 23:15:00,Prozesskälte,1
Holiday,1900-01-01 23:15:00,Prozesswärme u. mech. Antriebe,1.06917
Holiday,1900-01-01 23:15:00,Sonstige,1.13834
Saturday,1900-01-01 23:15:00,Prozesskälte,1
Saturday,1900-01-01 23:15:00,Prozesswärme u. mech. Antriebe,0.961861
Saturday,1900-01-01 23:15:00,Sonstige,0.923722
Sunday,1900-01-01 23:15:00,Prozesskälte,1
Sunday,1900-01-01 23:15:00,Prozesswärme u. mech. Antriebe,1.06917
Sunday,1900-01-01 23:15:00,Sonstige,1.13834
Week_day,1900-01-01 23:15:00,Prozesskälte,1
Week_day,1900-01-01 23:15:00,Prozesswärme u. mech. Antriebe,0.918164
Week_day,1900-01-01 23:15:00,Sonstige,0.836329
Constant,1900-01-01 23:30:00,Prozesskälte,1
Constant,1900-01-01 23:30:00,Prozesswärme u. mech. Antriebe,1
Constant,1900-01-01 23:30:00,Sonstige,1
Holiday,1900-01-01 23:30:00,Prozesskälte,1
Holiday,1900-01-01 23:30:00,Prozesswärme u. mech. Antriebe,1.08456
Holiday,1900-01-01 23:30:00,Sonstige,1.16912
Saturday,1900-01-01 23:30:00,Prozesskälte,1
Saturday,1900-01-01 23:30:00,Prozesswärme u. mech. Antriebe,0.961861
Saturday,1900-01-01 23:30:00,Sonstige,0.923722
Sunday,1900-01-01 23:30:00,Prozesskälte,1
Sunday,1900-01-01 23:30:00,Prozesswärme u. mech. Antriebe,1.08456
Sunday,1900-01-01 23:30:00,Sonstige,1.16912
Week_day,1900-01-01 23:30:00,Prozesskälte,1
Week_day,1900-01-01 23:30:00,Prozesswärme u. mech. Antriebe,0.897433
Week_day,1900-01-01 23:30:00,Sonstige,0.794866
Constant,1900-01-01 23:45:00,Prozesskälte,1
Constant,1900-01-01 23:45:00,Prozesswärme u. mech. Antriebe,1
Constant,1900-01-01 23:45:00,Sonstige,1
Holiday,1900-01-01 23:45:00,Prozesskälte,1
Holiday,1900-01-01 23:45:00,Prozesswärme u. mech. Antriebe,1.08863
Holiday,1900-01-01 23:45:00,Sonstige,1.17727
Saturday,1900-01-01 23:45:00,Prozesskälte,1
Saturday,1900-01-01 23:45:00,Prozesswärme u. mech. Antriebe,0.961861
Saturday,1900-01-01 23:45:00,Sonstige,0.923722
Sunday,1900-01-01 23:45:00,Prozesskälte,1
Sunday,1900-01-01 23:45:00,Prozesswärme u. mech. Antriebe,1.08863
Sunday,1900-01-01 23:45:00,Sonstige,1.17727
Week_day,1900-01-01 23:45:00,Prozesskälte,1
Week_day,1900-01-01 23:45:00,Prozesswärme u. mech. Antriebe,0.890469
Week_day,1900-01-01 23:45:00,Sonstige,0.780938
